Location,Latitude,Longitude,Year,Magnitude
 Arunachal Pradesh,27.62,92.25,2023,3.1
 Arunachal Pradesh,28.56,95.91,2023,3.7
 Arunachal Pradesh,27.48,96.15,2023,3.5
 Arunachal Pradesh,27.43,92.34,2023,3.4
 Arunachal Pradesh,27.53,92.15,2023,2.8
 Assam,27.02,92.84,2023,3.2
 Assam,27.17,92.53,2023,3
 Assam,27.19,92.59,2023,4.2
 Assam,27.1,92.59,2023,3.3
 Arunachal Pradesh,27.8,92.67,2023,2.9
 Arunachal Pradesh,27.44,93.27,2023,3.1
 Assam,27.02,92.57,2023,3.2
 Arunachal Pradesh,27.32,92.34,2023,2.6
 Assam,27.2,92.53,2023,2.9
 Arunachal Pradesh,27.44,92.51,2023,3.3
 Arunachal Pradesh,28.98,95.21,2023,3.3
 Assam,27.09,92.56,2023,3.2
 Arunachal Pradesh,27.95,93.97,2023,2.4
 Assam,27.28,92.52,2023,3.2
 Arunachal Pradesh,27.13,92.47,2023,2.8
 Assam,27.11,92.43,2023,3.2
 Assam,29.01,94.59,2023,3.5
 Arunachal Pradesh,27.58,92.39,2023,3.6
 Arunachal Pradesh,27.63,92.43,2023,2.7
 Arunachal Pradesh,27.28,92.65,2023,2.7
 Assam,27.71,94.14,2023,2.8
 Arunachal Pradesh,27.68,94.18,2023,2.7
 Arunachal Pradesh,27.34,92.18,2023,2.5
 Arunachal Pradesh,27.05,92.53,2023,3.1
 Assam,27.23,95.87,2023,2.7
 Arunachal Pradesh,27.25,96.02,2023,2.9
 Arunachal Pradesh,26.91,95.33,2023,3.6
 Assam,27.37,96.98,2023,2.7
 Arunachal Pradesh,27.19,92.22,2023,3.5
,24.88,93.08,2023,5.1
,24.81,93.03,2023,5.1
,26.37,92.93,2023,4.3
,26.37,92.93,2023,4.2
 Assam,26.1,92.72,2023,4
 Assam,26.05,93.01,2023,3.2
 Meghalaya,26.21,90.02,2023,2.9
 Assam,26.36,92.24,2023,2.8
 Meghalaya,26.04,90.11,2023,3.7
 Assam,26.63,92.39,2023,3
 Assam,26.23,91.44,2023,3.2
 Assam,26.54,94.23,2023,3.6
 Assam,26.58,92.18,2023,2.8
 Assam,26.44,93.35,2023,3.3
 Tripura,24.65,92.81,2023,2.7
 Assam,26.63,91.96,2023,3.6
 Tripura,24.53,92.53,2023,3.4
 Assam,26.22,91.54,2023,3.7
 Assam,26.33,93.29,2023,3.3
 Meghalaya,26.16,90.23,2023,2.7
 Assam,26.22,90.98,2023,2.3
 Assam,26.68,92.35,2023,4.4
 Manipur,24.64,92.99,2023,2.4
 Assam,26.6,92.4,2023,3.7
 Assam,26.7,92.32,2023,2.9
 Assam,26.72,92.47,2023,3.6
 Assam,26.68,92.47,2023,3.8
 Nagaland,26.44,93.43,2023,2.8
 Meghalaya,25.03,92.47,2023,2.7
 Tripura,24.93,92.78,2023,2.5
 Tripura,25.09,92.7,2023,2.7
 Tripura,25.06,92.72,2023,2.6
 Assam,26.77,92.42,2023,2.9
 Meghalaya,25.99,92.27,2023,4.4
 Assam,26.32,92.84,2023,2.5
 Meghalaya,26.1,90.02,2023,2.8
 Meghalaya,26.09,89.98,2023,2.8
 Tripura,24.59,92.8,2023,2.1
 Nagaland,26.46,93.62,2023,3.2
 Assam,26.83,92.79,2023,3.8
 Assam,26.11,90.97,2023,3.2
 Tripura,24.76,92.74,2023,4.4
 Assam,25.92,91.03,2023,3.3
 Meghalaya,26.08,90.05,2023,3.1
 Assam,26.2,92.97,2023,3
 Assam,26.63,92.36,2023,2.8
 Meghalaya,26.19,90.37,2023,2.7
 Meghalaya,26.22,90.36,2023,2.7
 Assam,26.36,91.19,2023,3.5
 Meghalaya,26.14,90.48,2023,2.8
 Meghalaya,25.78,91.27,2023,2.9
 Tripura,24.6,92.74,2023,4.1
 Assam,26.67,92.49,2023,2.4
 Assam,26.67,92.44,2023,2.6
 Assam,26.77,92.62,2023,2.7
 Assam,26.48,93.4,2023,2.8
 Assam ,26.49,92.08,2023,3
 Assam,26.85,92.65,2023,2.8
 Assam,26.51,93.19,2023,2.4
 Assam,26.32,92.56,2023,2.6
 Manipur,24.92,93.09,2023,5
 Assam,26.38,92.36,2023,2.8
 Assam,26.63,92.08,2023,3.5
 Assam,26.28,92.89,2023,2.5
 Assam,26.2,91.03,2023,2.5
 Meghalaya,26.15,90.11,2023,3.1
 Assam,26.7,93.22,2023,3.4
 Arunachal Pradesh,26.85,93.26,2023,2.7
,24.58,94.42,2023,4.6
 Manipur,24.83,93.35,2023,3.6
 Manipur,24.67,93.66,2023,3.2
 Manipur,24.96,93.78,2023,2.7
 Manipur,25.29,94.04,2023,3.2
 Manipur,24.23,93.86,2023,3.9
 Manipur,24.88,94.43,2023,3.1
 Manipur,24.84,93.69,2023,3.6
 Manipur,24.22,93.51,2023,3.5
 Manipur,24.67,94.17,2023,2.7
 Manipur,24.61,94.3,2023,2.8
 Manipur,24.68,94.2,2023,2.8
 Manipur,25.15,94.39,2023,3.2
 Manipur,25.47,94.45,2023,2.5
 Nagaland,25.62,94.49,2023,1.7
 Manipur,24.93,94.09,2023,2.7
 Manipur,24.81,94.5,2023,3.2
 Manipur,25.02,94,2023,3.5
 Mizoram,24.47,93.09,2023,2.8
 Manipur,24.29,93.9,2023,2.9
 Manipur,24.9,94.35,2023,3.3
 Manipur,24.21,94.13,2023,2.8
 Manipur,24.99,94.21,2023,3.5
 Manipur,23.97,94.05,2023,4
 Manipur,24.48,94.3,2023,3.3
 Manipur,24.52,94.21,2023,2.6
 Manipur,24.5,93.33,2023,2.7
 Manipur,24.31,94.04,2023,4.1
 Manipur,24.35,93.67,2023,3.6
 Manipur,25.01,94.16,2023,2.9
 Manipur,25.1,93.86,2023,3.2
 Manipur,24.41,94.38,2023,2.7
 Manipur,25.14,94.6,2023,2
 Manipur,25.14,94.64,2023,2.5
 Manipur,25.19,93.39,2023,2.5
 Manipur,25.1,93.97,2023,2.8
 Manipur ,24.23,93.73,2023,3.1
 Manipur,25.19,93.65,2023,2.9
 Manipur,24.7,94.16,2023,2.6
 Manipur,24.42,94.01,2023,2.8
 Manipur,24.32,93.82,2023,3.2
 Manipur,25.26,94.17,2023,2.9
 Mizoram,24.12,93.13,2023,2.9
 Manipur,24.99,94.17,2023,2.5
 Manipur,24.27,93.9,2023,3.4
 Mizoram,24.12,93.58,2023,3.2
 Manipur,25.19,93.65,2023,2.9
 Manipur,24.7,94.16,2023,2.6
 Manipur,24.42,94.01,2023,2.8
 Manipur,24.32,93.82,2023,3.2
 Manipur,25.26,94.17,2023,2.9
 Mizoram,24.12,93.13,2023,2.9
 Manipur,24.99,94.17,2023,2.5
 Manipur,24.27,93.9,2023,3.4
 Mizoram,24.12,93.58,2023,3.2
 Manipur,24.26,93.42,2023,3.7
 Manipur,25.11,94.65,2023,3.2
 Manipur,25.11,93.68,2023,2.9
,25.73,90.44,2023,4
,25.19,91.84,2023,4.3
 Meghalaya,25.3,91.71,2023,3.9
 Meghalaya,25.47,92.06,2023,2.9
 Meghalaya,25.73,90.34,2023,4
,25.67,90.43,2023,4.2
 Meghalaya,25.44,91.61,2023,2.5
 Meghalaya,25.36,92,2023,1.8
 Meghalaya,25.77,90.25,2023,3.9
 Meghalaya,25.54,90.96,2023,3
 Meghalaya,25.85,90.83,2023,3.2
 Meghalaya,25.26,90.94,2023,3.5
 Meghalaya,25.47,90.94,2023,3.5
 Meghalaya,25.67,91.03,2023,2.8
 Meghalaya,25.71,90.07,2023,3.1
 Meghalaya,25.89,90.67,2023,3.4
 Meghalaya,25.66,91.58,2023,3.6
 Assam,25.81,91.03,2023,3.2
 Meghalaya,25.84,90.41,2023,2.7
 Meghalaya,25.61,90.62,2023,3.1
 Meghalaya,25.81,90.5,2023,3.3
 Meghalaya,25.2,92.16,2023,2.6
 Meghalaya,25.59,90.3,2023,4
 Meghalaya,25.62,91.36,2023,4.2
 Meghalaya,25.57,90.41,2023,2.8
 Meghalaya,25.71,91.67,2023,3.3
 Meghalaya,25.84,90.9,2023,3.7
 Meghalaya,25.77,91.44,2023,3.4
 Meghalaya,25.58,90.8,2023,2
 Meghalaya,25.62,91.77,2023,2.9
 Meghalaya,25.48,90.74,2023,2.7
 Meghalaya,25.9,90.57,2023,5.2
 Meghalaya,25.78,92.06,2023,3
 Meghalaya,25.84,90.04,2023,2.8
 Meghalaya,25.79,90.86,2023,2.9
 Meghalaya,25.65,90.85,2023,2.9
 Meghalaya,25.46,91.26,2023,2.3
 Meghalaya,25.75,90.77,2023,2.8
 Meghalaya,25.59,90.95,2023,3
 Meghalaya,25.47,91.75,2023,3.8
 Meghalaya,25.33,92.17,2023,2.7
 Meghalaya,25.72,90.21,2023,3.2
 Meghalaya,25.55,90.48,2023,3.5
 Meghalaya,25.84,90.87,2023,2.9
 Meghalaya,25.72,90.31,2023,2.8
,23.57,92.41,2023,4.1
,23.59,92.42,2023,4.1
 Mizoram,23.41,92.96,2023,3.2
 Mizoram,23.94,93.08,2023,2.9
 Mizoram,24,92.54,2023,3.1
 Mizoram,23.83,92.61,2023,3.5
 Mizoram,24.01,92.59,2023,2.9
 Nagaland,25.68,94.7,2023,2.5
 Nagaland,26.24,94.55,2023,2.7
 Nagaland,26.27,94.92,2023,3.5
 Nagaland,26.26,94.92,2023,3.2
 Nagaland,25.88,94.17,2023,2.9
 Nagaland,26.08,94.54,2023,2.5
 Nagaland,26.13,94.4,2023,2.9
 Nagaland,26.03,95.1,2023,3.1
 Nagaland,26.02,95.13,2023,2.9
 Nagaland,26.09,94.99,2023,2.7
 Sikkim,27.56,88.65,2023,2.6
 Sikkim,27.14,88.45,2023,2.6
 Sikkim,27.46,88.17,2023,2.9
 Tripura,23.82,91.49,2023,3.8
 India,24.8127,93.0266,2023,5.1
 India,24.5762,94.4176,2023,4.6
Unknown,29.4923,81.6099,2024,5
Unknown,32.8339,73.7141,2024,5.2
Unknown,18.4471,80.3296,2024,5
Unknown,22.9505,95.9411,2024,5
Unknown,10.461,91.6084,2024,5.2
Unknown,31.2637,70.5845,2024,5.1
Unknown,8.1965,91.7229,2024,5.2
Unknown,34.1613,74.2677,2024,5.1
Unknown,30.4091,69.3062,2024,5
Unknown,10.1256,93.6765,2024,5
Unknown,8.0633,90.4103,2024,5.6
Unknown,34.1381,86.3128,2024,5.9
Unknown,23.527,94.6623,2024,5.4
Unknown,33.5041,81.7676,2024,5.1
Unknown,11.3815,92.9599,2024,5
Unknown,33.5479,81.8672,2024,5.5
Unknown,26.4924,96.9139,2024,5.7
Unknown,33.1698,76.816,2024,5
Unknown,33.3794,92.8542,2024,5
Unknown,33.5389,92.9927,2024,5.6
Unknown,33.4841,93.0234,2024,5.4
Unknown,9.4409,94.0987,2024,5
Unknown,25.0911,96.5235,2023,5
Unknown,33.1836,76.8401,2023,5.1
Unknown,23.1475,90.9317,2023,5.5
Unknown,28.8564,82.0652,2023,5.3
Unknown,28.858,82.1531,2023,5.7
Unknown,27.8879,84.7252,2023,5.2
Unknown,29.5133,81.2055,2023,5
Unknown,29.4973,81.242,2023,5.7
Unknown,24.3645,94.8511,2023,5
Unknown,30.3522,94.7507,2023,5
Unknown,24.9796,92.2481,2023,5.3
Unknown,9.1915,93.7124,2023,5
Unknown,34.8611,72.8455,2023,5
Unknown,9.5163,94.0695,2023,5.2
Unknown,9.3458,93.9282,2023,5.3
Unknown,10.5368,93.5418,2023,5.9
Unknown,30.35,94.8318,2023,5
Unknown,15.2546,96.2895,2023,5.6
Unknown,24.7339,92.0224,2023,5
Unknown,33.1191,75.9074,2023,5.2
Unknown,25.1051,96.2315,2023,5.9
Unknown,26.8674,97.023,2023,5
Unknown,10.972,92.0333,2023,5.1
Unknown,29.6212,81.5483,2023,5.1
Unknown,9.3625,93.8685,2023,5
Unknown,9.0116,93.9224,2023,5.2
Unknown,8.966,93.9695,2023,5.7
Unknown,8.9326,93.9552,2023,5.5
Unknown,9.096,94.0003,2023,5.3
Unknown,9.058,93.9052,2023,5
Unknown,30.7663,96.0896,2023,5
Unknown,7.6244,91.7592,2023,5.1
Unknown,12.1363,93.5873,2023,5
Unknown,35.7367,79.8867,2023,5
Unknown,35.7331,79.8502,2023,5
Unknown,29.5825,81.6638,2023,5.4
Unknown,24.8836,93.079,2023,5.1
Unknown,35.5464,71.3961,2023,5.1
Unknown,29.3523,81.1777,2022,5.2
Unknown,28.3835,94.4118,2022,5.5
Unknown,29.2917,81.1593,2022,5.7
Unknown,33.1963,92.0137,2022,5
Unknown,11.5884,93.1518,2022,5.1
Unknown,23.1002,94.8968,2022,5.6
Unknown,34.6636,70.7117,2022,5.1
Unknown,13.9359,93.6367,2022,5
Unknown,23.7516,94.5482,2022,5
Unknown,33.1157,92.7977,2022,5.7
Unknown,27.1316,86.7827,2022,5.1
Unknown,33.0608,69.4864,2022,5.2
Unknown,10.4818,94.1885,2022,5.2
Unknown,10.2666,94.2833,2022,5
Unknown,10.3277,94.2534,2022,5.4
Unknown,10.2638,93.9224,2022,5
Unknown,10.3944,94.2851,2022,5
Unknown,10.3591,94.1964,2022,5
Unknown,10.3072,94.1437,2022,5
Unknown,10.4305,94.1413,2022,5.1
Unknown,19.5636,94.8605,2022,5.1
Unknown,33.0203,69.4639,2022,6
Unknown,8.9674,93.6949,2022,5
Unknown,17.4476,94.2503,2022,5.2
Unknown,22.6784,94.2561,2022,5
Unknown,7.3744,94.48,2022,5.1
Unknown,7.3212,94.4315,2022,5.2
Unknown,7.2942,94.4884,2022,5.1
Unknown,7.3666,94.4408,2022,5.4
Unknown,7.423,94.3078,2022,5.5
Unknown,35.9998,77.9099,2022,5.1
Unknown,35.5965,74.9251,2022,5.1
Unknown,35.5378,69.7845,2022,5.2
Unknown,23.0871,93.8172,2022,5.4
Unknown,29.2819,94.1513,2022,5.1
Unknown,9.8601,93.4354,2021,5
Unknown,35.5592,74.8205,2021,5.2
Unknown,10.2993,94.0416,2021,5
Unknown,13.7358,92.7495,2021,5.1
Unknown,23.4414,96.1089,2021,5
Unknown,31.723,87.9296,2021,5.5
Unknown,22.8232,93.5061,2021,6.2
Unknown,28.8267,87.4455,2021,5
Unknown,22.3124,94.7676,2021,5.5
Unknown,30.3214,94.8247,2021,5
Unknown,30.3557,94.7747,2021,5
Unknown,8.6251,94.1834,2021,5.4
Unknown,25.2256,94.8803,2021,5
Unknown,14.1061,92.9896,2021,5.2
Unknown,14.4654,83.0456,2021,5.1
Unknown,34.5936,97.4227,2021,5.4
Unknown,8.7641,93.9557,2021,5.1
Unknown,8.814,94.0044,2021,5.1
Unknown,8.7966,94.0775,2021,5.5
Unknown,9.0017,94.158,2021,5.8
Unknown,8.8809,94.0192,2021,6.1
Unknown,8.8628,94.0564,2021,5.3
Unknown,9.0127,94.1198,2021,5.3
Unknown,22.8638,95.9967,2021,5.5
Unknown,29.3258,70.0487,2021,5.2
Unknown,34.6768,97.9158,2021,5.1
Unknown,25.9603,90.3499,2021,5.3
Unknown,34.9509,69.0848,2021,5.1
Unknown,34.7242,73.2047,2021,5
Unknown,34.6927,97.8048,2021,5
Unknown,34.9495,97.4695,2021,5.1
Unknown,28.2785,84.3373,2021,5.3
Unknown,6.6176,94.5648,2021,5
Unknown,26.7489,92.5136,2021,5
Unknown,26.7813,92.4565,2021,6
Unknown,22.5129,94.1955,2021,5.1
Unknown,31.8686,92.9137,2021,5
Unknown,27.1863,88.9412,2021,5.2
Unknown,34.3549,87.6921,2021,5.5
Unknown,27.6289,92.6692,2021,5
Unknown,31.9664,92.9084,2021,5
Unknown,34.7094,83.4724,2021,5.2
Unknown,31.9246,92.9151,2021,5.7
Unknown,28.7463,87.3785,2021,5.1
Unknown,28.8225,87.362,2021,5
Unknown,33.3042,75.5872,2021,5.1
Unknown,6.3819,94.2415,2021,5
Unknown,34.741,72.9466,2020,5
Unknown,22.2089,94.3877,2020,5.1
Unknown,23.6092,94.6188,2020,5
Unknown,24.6661,93.4997,2020,5.5
Unknown,34.1788,79.2141,2020,5
Unknown,34.1448,78.1519,2020,5
Unknown,34.2487,78.2058,2020,5.3
Unknown,22.9861,93.7677,2020,5.1
Unknown,27.8464,85.8765,2020,5.3
Unknown,23.1636,93.3258,2020,5.3
Unknown,33.1508,86.8235,2020,5.1
Unknown,33.2088,86.773,2020,5
Unknown,33.1438,86.8637,2020,6.3
Unknown,30.412,94.8613,2020,5
Unknown,12.0979,94.9745,2020,5.7
Unknown,23.1162,93.3092,2020,5.1
Unknown,11.8485,94.8316,2020,5
Unknown,11.8485,94.9362,2020,6.1
Unknown,11.8395,94.9771,2020,5.1
Unknown,35.6685,82.4472,2020,5
Unknown,35.5948,82.4158,2020,6.3
Unknown,23.1449,93.2856,2020,5.6
Unknown,23.3821,70.3548,2020,5.1
Unknown,24.3856,93.9197,2020,5.1
Unknown,22.8004,94.0292,2020,5.9
Unknown,28.5896,87.3081,2020,5.7
Unknown,32.7152,85.3323,2020,5.4
Unknown,32.8006,85.5456,2020,5.2
Unknown,32.9752,76.2474,2020,5
Unknown,34.5182,85.6961,2020,5.1
Unknown,26.3386,90.7847,2020,5
Unknown,10.3105,93.7827,2020,5
Unknown,7.3115,92.0905,2020,5.1
Unknown,31.995,95.0575,2020,5.2
Unknown,35.0149,74.474,2020,5.1
Unknown,35.6305,74.6387,2019,5
Unknown,35.5909,74.628,2019,5.6
Unknown,7.0773,92.4071,2019,5.1
Unknown,8.351,94.5307,2019,5
Unknown,23.1791,96.0354,2019,5.2
Unknown,19.2269,94.9378,2019,5.3
Unknown,29.3228,81.1433,2019,5
Unknown,11.2863,92.9571,2019,5.1
Unknown,7.2027,94.5282,2019,5.2
Unknown,33.0779,73.7936,2019,5.4
Unknown,22.7414,95.522,2019,5.4
Unknown,24.0196,93.858,2019,5
Unknown,18.4733,94.5394,2019,5.2
Unknown,30.3447,94.8731,2019,5
Unknown,11.9126,95.0085,2019,5
Unknown,27.7188,92.8302,2019,5.5
Unknown,9.3763,87.1121,2019,5
Unknown,34.6813,72.8572,2019,5.2
Unknown,6.3225,93.767,2019,5
Unknown,13.8733,92.9509,2019,5
Unknown,13.8921,92.9916,2019,5.6
Unknown,7.6041,94.3069,2019,5.1
Unknown,26.2288,95.7216,2019,5.2
Unknown,28.4073,94.5605,2019,5.9
Unknown,7.5912,94.3706,2019,5
Unknown,7.3554,94.3786,2019,5.1
Unknown,7.3444,94.4406,2019,5
Unknown,7.4194,94.4056,2019,5.4
Unknown,7.6359,94.2502,2019,5.1
Unknown,7.6737,94.3251,2019,5
Unknown,13.1345,95.4198,2019,5.1
Unknown,25.4467,94.4235,2019,5.1
Unknown,7.5782,94.3371,2019,5.5
Unknown,7.538,94.3882,2019,5.1
Unknown,7.4984,94.2064,2019,5
Unknown,7.5378,94.1618,2019,5
Unknown,7.6564,94.2566,2019,5.2
Unknown,7.6959,94.2614,2019,5.2
Unknown,7.5485,94.3508,2019,5.1
Unknown,7.6688,94.3113,2019,5
Unknown,7.806,94.364,2019,5
Unknown,7.5796,94.3296,2019,5
Unknown,7.8278,94.2402,2019,5.2
Unknown,7.5642,94.3894,2019,5
Unknown,11.1534,95.1558,2019,5.2
Unknown,14.1145,93.0433,2019,5.2
Unknown,7.3155,94.3711,2019,5
Unknown,27.3345,96.3645,2019,5
Unknown,35.103,74.1694,2019,5.2
Unknown,30.3908,87.6229,2019,5.2
Unknown,7.4036,94.3739,2019,5.4
Unknown,23.3862,94.5614,2018,5
Unknown,30.4684,86.7946,2018,5
Unknown,30.4079,87.62,2018,5.8
Unknown,27.1986,96.9185,2018,5.4
Unknown,6.19,93.1185,2018,5.2
Unknown,23.9724,93.3925,2018,5.2
Unknown,30.2891,87.4647,2018,5
Unknown,19.0329,95.6084,2018,5.1
Unknown,12.9046,92.2347,2018,5.1
Unknown,34.2169,80.6903,2018,5
Unknown,7.0619,94.1798,2018,5.1
Unknown,26.3711,90.1611,2018,5.3
Unknown,10.5407,91.7115,2018,5.5
Unknown,7.4174,91.7686,2018,5
Unknown,35.0467,81.0371,2018,5.1
Unknown,34.9356,92.1552,2018,5.2
Unknown,30.3493,87.6027,2018,5.2
Unknown,14.5358,96.4672,2018,5.1
Unknown,30.0772,70.2093,2018,5.1
Unknown,18.2751,96.0703,2018,5
Unknown,35.7873,78.3493,2018,5
Unknown,9.5212,93.4269,2018,5.2
Unknown,7.5491,93.6093,2018,5
Unknown,7.5435,93.6163,2018,5.1
Unknown,33.1351,70.5177,2018,5.4
Unknown,34.5599,96.5154,2018,5
Unknown,18.3623,96.1394,2018,5.1
Unknown,22.9621,94.6137,2018,5.1
Unknown,18.3221,96.1596,2018,5
Unknown,18.3849,96.151,2018,5.1
Unknown,6.9478,94.1757,2018,5.1
Unknown,12.3508,93.1579,2018,5.2
Unknown,8.3429,91.8589,2018,5.3
Unknown,8.2527,91.7665,2018,5.8
Unknown,34.99,86.9597,2018,5.1
Unknown,18.4505,96.1686,2018,5.2
Unknown,18.4229,95.9558,2018,5.2
Unknown,18.3719,96.0717,2018,6
Unknown,24.7382,94.9055,2018,5.6
Unknown,8.4361,92.415,2017,5.1
Unknown,22.0556,94.4044,2017,5
Unknown,29.964,95.0865,2017,5.1
Unknown,27.7618,86.1471,2017,5
Unknown,35.7238,77.5618,2017,5.2
Unknown,30.6339,79.1601,2017,5.1
Unknown,29.9311,94.8843,2017,5.1
Unknown,29.8333,94.9838,2017,6.4
Unknown,32.074,95.0497,2017,5.1
Unknown,11.9798,95.0763,2017,5
Unknown,12.8183,92.0967,2017,5
Unknown,10.2437,93.1611,2017,5
Unknown,30.3422,94.8528,2017,5
Unknown,24.3214,93.6199,2017,5.1
Unknown,13.7401,92.548,2017,5
Unknown,14.4592,93.0491,2017,5.3
Unknown,6.1457,92.3044,2017,6
Unknown,17.3991,95.9998,2017,5.1
Unknown,25.1865,94.6658,2017,5.1
Unknown,24.0437,93.4825,2017,5
Unknown,30.6544,79.1645,2017,5.1
Unknown,30.6877,83.3674,2017,5.1
Unknown,23.3168,94.5035,2017,5.1
Unknown,24.0151,92.0177,2017,5.7
Unknown,32.4198,92.116,2016,5.2
Unknown,29.979,80.6321,2016,5.2
Unknown,27.8015,86.5319,2016,5.4
Unknown,32.6865,96.1511,2016,5
Unknown,32.8959,94.8768,2016,5.9
Unknown,34.9048,73.6822,2016,5.4
Unknown,10.1636,91.7111,2016,5
Unknown,20.9228,94.569,2016,6.8
Unknown,23.8972,94.6983,2016,5
Unknown,21.3109,94.9305,2016,5.1
Unknown,14.9748,96.4342,2016,5
Unknown,28.5654,87.4796,2016,5.1
Unknown,28.4538,87.5326,2016,5.4
Unknown,32.0221,95.0268,2016,5.2
Unknown,11.3506,91.5047,2016,5.2
Unknown,10.2153,93.6895,2016,5.3
Unknown,23.0944,94.8654,2016,6.9
Unknown,25.7595,90.5452,2016,5
Unknown,32.0565,95.0448,2016,5.1
Unknown,27.9633,84.6943,2016,5.1
Unknown,27.8782,85.3377,2016,5.2
Unknown,14.2933,93.204,2016,5.1
Unknown,32.6531,91.6264,2016,5.2
Unknown,24.8036,93.6505,2016,6.7
Unknown,29.3985,81.6541,2015,5.4
Unknown,34.8307,73.9303,2015,5
Unknown,27.8525,85.6776,2015,5
Unknown,6.8326,94.5324,2015,5.3
Unknown,6.4078,94.8019,2015,5.5
Unknown,6.5177,94.8833,2015,5.3
Unknown,6.984,94.534,2015,5.6
Unknown,6.9335,94.7617,2015,5.2
Unknown,6.8431,94.648,2015,6.6
Unknown,6.679,94.4431,2015,5.1
Unknown,6.769,94.479,2015,5.2
Unknown,6.7923,94.6065,2015,5.1
Unknown,6.8782,94.5455,2015,5.5
Unknown,32.0869,69.5562,2015,5
Unknown,29.6377,70.326,2015,5.6
Unknown,27.8355,86.0795,2015,5
Unknown,33.8564,73.1926,2015,5.1
Unknown,19.0777,96.2302,2015,5
Unknown,30.4,94.8689,2015,5.1
Unknown,11.4234,95.032,2015,5.5
Unknown,34.4513,73.7102,2015,5.3
Unknown,26.6384,90.41,2015,5.1
Unknown,14.0119,93.5776,2015,5.2
Unknown,27.5603,86.0734,2015,5.5
Unknown,27.7199,86.0503,2015,5
Unknown,27.783,84.6384,2015,5.2
Unknown,27.7298,86.1316,2015,5.2
Unknown,27.7629,85.7574,2015,5.1
Unknown,27.7221,86.0161,2015,5
Unknown,27.625,86.1617,2015,6.3
Unknown,27.7458,86.2449,2015,5.4
Unknown,27.5589,86.2566,2015,5
Unknown,27.7141,86.2177,2015,5.5
Unknown,27.8087,86.0655,2015,7.3
Unknown,10.7112,91.9645,2015,5.3
Unknown,26.8644,88.055,2015,5.1
Unknown,27.8297,85.865,2015,5
Unknown,27.7711,86.0173,2015,6.7
Unknown,27.7993,84.8715,2015,5.1
Unknown,28.238,85.829,2015,5.1
Unknown,28.0979,84.5594,2015,5.2
Unknown,28.3902,87.3173,2015,5.7
Unknown,27.5866,85.5058,2015,5.3
Unknown,27.9351,84.6218,2015,5
Unknown,27.8172,85.5955,2015,5
Unknown,27.7219,86.0061,2015,5.1
Unknown,27.8822,85.7505,2015,5.5
Unknown,27.672,85.2009,2015,5
Unknown,28.2244,84.8216,2015,6.6
Unknown,27.7435,85.8302,2015,5.1
Unknown,27.687,85.5854,2015,5
Unknown,27.813,85.448,2015,5.26
Unknown,27.8006,85.1141,2015,5.1
Unknown,28.2046,84.492,2015,5.4
Unknown,27.6857,86.0213,2015,5.6
Unknown,27.6285,85.5398,2015,6.1
Unknown,28.2305,84.7314,2015,7.8
Unknown,28.8947,82.3938,2015,5
Unknown,14.1208,92.9493,2015,5.1
Unknown,14.0702,92.8474,2015,5.1
Unknown,34.671,73.2777,2015,5.4
Unknown,13.2332,92.3474,2015,5.1
Unknown,32.866,83.4305,2015,5.1
Unknown,24.2001,94.6939,2014,5.1
Unknown,6.9475,94.7191,2014,5.3
Unknown,27.7395,86.3702,2014,5
Unknown,12.5135,92.7957,2014,5.3
Unknown,23.5081,93.5148,2014,5.6
Unknown,7.4278,94.3335,2014,5
Unknown,7.4528,94.3818,2014,5.2
Unknown,7.484,94.359,2014,5.6
Unknown,20.7795,94.4211,2014,5.3
Unknown,7.4484,94.1965,2014,5.1
Unknown,7.4608,94.3042,2014,5.3
Unknown,7.5806,94.361,2014,5.1
Unknown,7.4197,94.3316,2014,5.3
Unknown,7.5569,94.2408,2014,5
Unknown,12.5193,95.2254,2014,5.5
Unknown,6.0011,95.5588,2014,5
Unknown,8.5661,92.5561,2014,5
Unknown,6.0429,94.4536,2014,5.3
Unknown,22.1989,93.244,2014,5.4
Unknown,24.593,94.5693,2014,5
Unknown,29.2757,85.4967,2014,5.2
Unknown,12.3436,95.0439,2014,5.1
Unknown,12.4337,95.2033,2014,5.8
Unknown,14.3603,93.0904,2014,5.3
Unknown,33.292,75.5807,2014,5
Unknown,24.9997,97.845,2014,5.9
Unknown,24.9737,97.8437,2014,5.8
Unknown,18.2012,88.0376,2014,6
Unknown,31.3961,86.4624,2014,5.3
Unknown,35.8478,82.3019,2014,5.1
Unknown,7.4454,94.2965,2014,5.2
Unknown,7.5875,94.3114,2014,5.1
Unknown,7.5037,94.1847,2014,5.2
Unknown,7.3232,94.1739,2014,5.1
Unknown,7.5417,94.2698,2014,5.5
Unknown,7.7448,94.3342,2014,6.4
Unknown,7.7631,94.3128,2014,5.5
Unknown,19.1942,95.7207,2014,5.1
Unknown,7.3016,94.2594,2014,5.1
Unknown,35.8221,82.4667,2014,5.7
Unknown,35.9053,82.5864,2014,6.9
Unknown,35.9947,82.487,2014,5.2
Unknown,33.8784,89.2216,2014,5.2
Unknown,12.2849,95.0592,2014,5.2
Unknown,23.8428,93.9581,2014,5.1
Unknown,23.0007,95.9078,2014,5.2
Unknown,28.8721,95.8701,2013,5
Unknown,12.3975,95.1481,2013,5.5
Unknown,26.4118,93.6451,2013,5.4
Unknown,14.2917,93.0654,2013,5.4
Unknown,35.3406,77.0837,2013,5.4
Unknown,35.7595,77.4189,2013,5.4
Unknown,27.2898,88.4022,2013,5.2
Unknown,22.9341,95.9607,2013,5.7
Unknown,22.9608,95.9365,2013,5
Unknown,30.0761,97.9241,2013,5.1
Unknown,30.0464,97.9565,2013,5.7
Unknown,31.4444,86.4483,2013,5.2
Unknown,33.2967,75.9504,2013,5.2
Unknown,23.9377,94.7314,2013,5
Unknown,33.2663,75.9377,2013,5
Unknown,32.765,78.197,2013,5
Unknown,28.655,82.279,2013,5
Unknown,9.379,91.246,2013,5.3
Unknown,31.504,86.604,2013,5.2
Unknown,31.414,86.589,2013,5.1
Unknown,33.061,75.863,2013,5.7
Unknown,34.526,70.22,2013,5.5
Unknown,28.887,95.15,2013,5.2
Unknown,19.258,95.623,2013,5.5
Unknown,19.247,95.745,2013,5.1
Unknown,19.223,95.646,2013,5.4
Unknown,28.758,82.294,2013,5
Unknown,24.677,92.222,2013,5.2
Unknown,34.292,85.651,2013,5.4
Unknown,32.921,94.68,2013,5.2
Unknown,29.694,81.711,2013,5
Unknown,25.329,95.048,2013,5.8
Unknown,35.711,70.599,2012,5.5
Unknown,22.443,94.782,2012,5.5
Unknown,13.85,93.637,2012,5.1
Unknown,22.895,95.943,2012,5
Unknown,23.132,95.866,2012,5.5
Unknown,22.72,95.832,2012,5.8
Unknown,23.005,95.885,2012,6.8
Unknown,10.345,92.575,2012,5
Unknown,23.769,81.314,2012,5
Unknown,35.949,69.683,2012,5
Unknown,26.879,92.818,2012,5.2
Unknown,6.107,92.78,2012,5.3
Unknown,10.459,93.616,2012,5.2
Unknown,10.21,92.802,2012,5.2
Unknown,28.47,82.69,2012,5
Unknown,34.849,73.663,2012,5.4
Unknown,35.661,82.518,2012,6.2
Unknown,30.352,94.849,2012,5
Unknown,26.103,96.324,2012,5.1
Unknown,22.935,94.299,2012,5.7
Unknown,24.998,96.427,2012,5.1
Unknown,25.424,94.48,2012,5.2
Unknown,25.347,96.529,2012,5.1
Unknown,25.592,94.696,2012,5.6
Unknown,23.647,70.252,2012,5
Unknown,26.175,92.889,2012,5.4
Unknown,14.405,93.327,2012,5.2
Unknown,8.826,93.882,2012,5.1
Unknown,8.945,93.906,2012,5.3
Unknown,9.011,93.945,2012,5.7
Unknown,8.868,93.949,2012,5.5
Unknown,26.087,87.777,2012,5
Unknown,10.535,93.854,2012,5
Unknown,8.559,93.873,2012,5
Unknown,8.571,93.691,2012,5.4
Unknown,28.809,76.649,2012,5.1
Unknown,35.84,79.835,2012,5
Unknown,35.723,79.717,2012,5
Unknown,32.388,82.787,2012,5.2
Unknown,6.306,92.9,2012,5
Unknown,30.986,78.282,2012,5.1
Unknown,7.189,92.987,2011,5
Unknown,28.855,68.301,2011,5.1
Unknown,7.725,94.023,2011,5.1
Unknown,7.731,93.851,2011,5.1
Unknown,31.804,83.823,2011,5.1
Unknown,7.839,93.97,2011,5.1
Unknown,7.805,93.843,2011,5.6
Unknown,25.2,97.602,2011,5.2
Unknown,24.96,95.232,2011,5.7
Unknown,35.436,81.607,2011,5
Unknown,21.211,70.533,2011,5.1
Unknown,12.989,95.784,2011,5
Unknown,12.969,95.838,2011,5.2
Unknown,12.745,92.424,2011,5.1
Unknown,27.73,88.155,2011,6.9
Unknown,33.095,76.858,2011,5.1
Unknown,33.739,87.574,2011,5.3
Unknown,32.447,95.948,2011,5.3
Unknown,9.635,92.459,2011,5.5
Unknown,27.529,88.019,2011,5
Unknown,29.698,80.754,2011,5.3
Unknown,24.727,97.957,2011,5.5
Unknown,8.655,92.411,2011,5.3
Unknown,24.618,94.68,2011,6.2
Unknown,10.622,94.109,2011,5.6
Unknown,24.653,97.918,2011,5
Unknown,30.942,86.508,2010,5.1
Unknown,32.344,69.661,2010,5
Unknown,30.424,69.462,2010,5
Unknown,31.53,70.083,2010,5.4
Unknown,29.775,90.329,2010,5.3
Unknown,6.443,95.739,2010,5
Unknown,34.549,70.458,2010,5.2
Unknown,12.964,92.355,2010,5
Unknown,6.63,94.341,2010,5.3
Unknown,33.869,72.887,2010,5.2
Unknown,29.715,69.587,2010,5.2
Unknown,7.788,94.057,2010,5.8
Unknown,23.407,90.648,2010,5.1
Unknown,33.279,96.312,2010,5.1
Unknown,12.788,92.563,2010,5.1
Unknown,11.141,95.071,2010,5.1
Unknown,11.602,94.973,2010,5.4
Unknown,13.608,92.817,2010,5.2
Unknown,30.309,94.829,2010,5
Unknown,10.94,93.246,2010,5.1
Unknown,7.596,91.898,2010,5.2
Unknown,14.372,93.26,2010,5
Unknown,29.841,80.397,2010,5
Unknown,10.227,92.249,2010,5.4
Unknown,13.417,95.768,2010,5
Unknown,14.002,95.347,2010,5
Unknown,7.588,91.856,2010,5.2
Unknown,7.622,91.979,2010,5
Unknown,7.696,91.958,2010,5.5
Unknown,29.872,80.428,2010,5.2
Unknown,7.563,91.879,2010,5
Unknown,13.197,93.087,2010,5.9
Unknown,7.404,91.823,2010,5
Unknown,7.794,91.895,2010,5.2
Unknown,7.779,91.992,2010,5.2
Unknown,7.86,92.09,2010,5
Unknown,7.674,91.967,2010,5.2
Unknown,7.881,91.936,2010,7.5
Unknown,33.3,96.087,2010,5.1
Unknown,33.335,96.15,2010,5.5
Unknown,11.132,93.471,2010,6.5
Unknown,33.165,96.07,2010,5.8
Unknown,31.135,77.839,2010,5
Unknown,14.423,93.18,2010,5.3
Unknown,33.108,71.328,2010,5
Unknown,13.624,92.777,2010,5
Unknown,19.392,93.163,2010,5.2
Unknown,32.514,92.826,2010,5.3
Unknown,33.071,96.617,2010,5
Unknown,33.195,96.449,2010,6.1
Unknown,33.126,96.546,2010,5.2
Unknown,32.925,96.86,2010,5.4
Unknown,33.165,96.548,2010,6.9
Unknown,7.805,91.843,2010,5.2
Unknown,30.088,69.541,2010,5
Unknown,13.667,92.831,2010,6.6
Unknown,32.516,92.826,2010,5.4
Unknown,32.509,92.708,2010,5.7
Unknown,34.334,81.759,2010,5
Unknown,35.303,74.498,2010,5.2
Unknown,23.062,94.623,2010,5.5
Unknown,35.94,70.074,2010,5.7
Unknown,28.474,86.745,2010,5.1
Unknown,30.646,83.791,2010,5.2
Unknown,27.319,91.51,2009,5.5
Unknown,24.357,94.807,2009,5.6
Unknown,14.001,92.862,2009,5
Unknown,35.778,77.352,2009,5.2
Unknown,13.622,92.793,2009,5.3
Unknown,13.627,92.784,2009,5.1
Unknown,30.762,83.448,2009,5
Unknown,8.082,91.899,2009,6
Unknown,29.49,86.008,2009,5.5
Unknown,14.032,92.968,2009,5.4
Unknown,34.181,70.02,2009,5.1
Unknown,8.151,91.759,2009,5
Unknown,27.262,91.417,2009,5.1
Unknown,34.848,80.38,2009,5
Unknown,30.888,83.49,2009,5
Unknown,20.404,94.793,2009,5.7
Unknown,30.879,79.057,2009,5
Unknown,27.332,91.437,2009,6.1
Unknown,24.332,94.669,2009,5.9
Unknown,25.28,95.101,2009,5.3
Unknown,26.556,92.47,2009,5
Unknown,13.961,93.023,2009,5
Unknown,14.052,92.821,2009,5.9
Unknown,9.018,93.723,2009,5.1
Unknown,24.323,94.793,2009,5.5
Unknown,14.099,92.902,2009,7.5
Unknown,35.578,81.647,2009,5.1
Unknown,10.64,94.179,2009,5
Unknown,10.591,94.122,2009,5.2
Unknown,34.899,73.219,2009,5
Unknown,10.609,94.188,2009,5.1
Unknown,10.742,94.352,2009,5
Unknown,10.659,94.317,2009,5
Unknown,10.764,94.294,2009,5
Unknown,10.644,94.201,2009,5
Unknown,10.691,94.308,2009,5.1
Unknown,10.733,94.288,2009,5
Unknown,10.608,94.186,2009,5.1
Unknown,10.67,94.317,2009,5.1
Unknown,10.75,94.388,2009,5
Unknown,10.639,94.332,2009,5.1
Unknown,11.279,94.65,2009,5
Unknown,10.713,94.397,2009,5.1
Unknown,10.769,94.374,2009,5.2
Unknown,10.751,94.286,2009,5.1
Unknown,10.702,94.315,2009,5
Unknown,31.158,85.902,2009,5.8
Unknown,12.034,94.831,2009,5.1
Unknown,12.14,94.996,2009,5.2
Unknown,9.045,93.624,2009,5.2
Unknown,10.823,91.722,2009,5.2
Unknown,32.776,81.755,2009,5
Unknown,34.106,70.056,2009,5.1
Unknown,34.185,70.076,2009,5.2
Unknown,6.263,94.441,2009,5.1
Unknown,27.143,70.749,2009,5.1
Unknown,33.659,82.437,2009,5
Unknown,30.154,68.474,2009,5
Unknown,10.67,91.688,2009,5.1
Unknown,15.577,95.993,2009,5.1
Unknown,34.203,73.9,2009,5.5
Unknown,30.667,83.857,2009,5.1
Unknown,11.803,94.962,2009,5.1
Unknown,13.727,92.819,2009,5.1
Unknown,15.646,96.038,2009,5
Unknown,35.869,69.932,2009,5.2
Unknown,6.449,94.169,2009,5.3
Unknown,35.962,71.407,2008,5
Unknown,22.746,95.898,2008,5.3
Unknown,6.88,94.756,2008,5
Unknown,35.313,81.409,2008,5
Unknown,7.665,92.217,2008,5.1
Unknown,29.948,82.051,2008,5.3
Unknown,8.723,93.984,2008,5.3
Unknown,8.74,94.079,2008,5.2
Unknown,27.373,88.051,2008,5.2
Unknown,8.657,93.64,2008,5.2
Unknown,10.833,91.711,2008,5.5
Unknown,35.343,91.262,2008,5
Unknown,29.757,90.328,2008,5.5
Unknown,29.653,90.32,2008,5.2
Unknown,29.806,90.42,2008,5.1
Unknown,29.752,90.461,2008,5
Unknown,29.807,90.35,2008,6.3
Unknown,33.886,69.47,2008,6
Unknown,10.764,91.659,2008,5.6
Unknown,30.836,83.487,2008,6
Unknown,15.583,96.081,2008,5.2
Unknown,10.932,91.784,2008,5
Unknown,17.438,73.915,2008,5
Unknown,30.795,83.397,2008,5.4
Unknown,30.783,83.591,2008,5.3
Unknown,12.943,92.389,2008,5
Unknown,30.279,80.349,2008,5
Unknown,24.869,97.78,2008,5
Unknown,30.755,83.44,2008,5
Unknown,30.659,83.284,2008,5
Unknown,30.928,83.473,2008,5
Unknown,30.634,83.285,2008,5.1
Unknown,30.831,83.523,2008,5.2
Unknown,30.797,83.38,2008,5.2
Unknown,30.712,83.377,2008,5
Unknown,30.901,83.52,2008,6.7
Unknown,25.039,97.697,2008,6
Unknown,25.051,97.919,2008,5
Unknown,33.628,91.92,2008,5.3
Unknown,10.985,91.79,2008,5.3
Unknown,10.947,91.711,2008,5.7
Unknown,11.025,91.757,2008,5.3
Unknown,11.055,91.814,2008,6.2
Unknown,33.118,91.969,2008,5
Unknown,13.865,93.581,2008,5.2
Unknown,23.577,94.642,2008,5.2
Unknown,11.611,91.659,2008,5.1
Unknown,33.171,92.079,2008,5.3
Unknown,10.742,91.695,2008,5
Unknown,35.777,88.36,2008,5.2
Unknown,35.658,88.307,2008,5.5
Unknown,35.711,88.343,2008,5
Unknown,10.75,91.64,2008,5.2
Unknown,11.003,91.728,2008,5
Unknown,10.902,91.925,2008,5.4
Unknown,10.847,91.712,2008,6.1
Unknown,10.873,91.899,2008,5.1
Unknown,10.892,91.782,2008,5
Unknown,10.89,92.003,2008,5.2
Unknown,10.894,91.777,2008,5.9
Unknown,11.005,91.824,2008,6.6
Unknown,6.791,92.701,2008,5.1
Unknown,33.205,92.016,2008,5.2
Unknown,35.289,91.27,2008,5.4
Unknown,33.159,92.09,2008,5.3
Unknown,33.176,92.081,2008,5.1
Unknown,33.182,91.961,2008,5.4
Unknown,32.447,85.243,2008,5.1
Unknown,33.169,92.116,2008,5.2
Unknown,32.625,85.227,2008,5
Unknown,35.022,81.158,2008,5
Unknown,8.338,91.86,2008,5.1
Unknown,8.264,91.78,2008,5.1
Unknown,35.696,81.715,2008,5.2
Unknown,35.6,81.644,2008,5.1
Unknown,35.696,81.595,2008,5.1
Unknown,34.991,81.097,2008,5
Unknown,24.547,97.498,2008,5.1
Unknown,35.299,81.338,2008,5.2
Unknown,35.685,81.724,2008,5.2
Unknown,35.604,81.582,2008,5
Unknown,35.491,81.371,2008,5.3
Unknown,35.419,81.59,2008,5.1
Unknown,35.513,81.433,2008,5.6
Unknown,35.267,81.022,2008,5
Unknown,35.319,81.601,2008,5.2
Unknown,35.457,81.409,2008,5
Unknown,35.505,81.398,2008,5.3
Unknown,35.49,81.467,2008,7.2
Unknown,32.349,85.262,2008,5.5
Unknown,32.331,85.158,2008,5.9
Unknown,10.413,92.869,2008,5.9
Unknown,32.293,85.147,2008,5
Unknown,32.288,85.166,2008,6.4
Unknown,34.99,77.478,2007,5.1
Unknown,23.495,94.565,2007,5
Unknown,23.39,94.675,2007,5.1
Unknown,29.652,69.524,2007,5.1
Unknown,29.387,95.481,2007,5
Unknown,22.15,92.388,2007,5.5
Unknown,21.181,70.724,2007,5.1
Unknown,35.304,76.753,2007,5.2
Unknown,9.702,91.8,2007,5.2
Unknown,19.973,93.666,2007,5.1
Unknown,30.612,69.792,2007,5.3
Unknown,14.291,93.989,2007,5.2
Unknown,27.344,87.737,2007,5
Unknown,6.691,90.998,2007,5
Unknown,19.238,95.615,2007,5
Unknown,19.311,95.611,2007,5.6
Unknown,7.157,92.518,2007,6.1
Unknown,30.881,78.239,2007,5.1
Unknown,6.465,84.395,2007,5.2
Unknown,25.429,96.581,2007,5.2
Unknown,9.378,93.864,2007,5
Unknown,8.305,93.864,2007,5.4
Unknown,31.355,97.787,2007,5.5
Unknown,23.161,94.483,2007,5
Unknown,34.126,81.942,2007,5
Unknown,34.674,89.982,2007,5
Unknown,34.248,81.967,2007,6.1
Unknown,12.99,92.525,2007,5.5
Unknown,9.203,91.516,2007,5.1
Unknown,35.638,89.41,2007,5
Unknown,35.623,89.433,2007,5
Unknown,10.292,93.059,2007,5
Unknown,33.191,90.661,2007,5.3
Unknown,6.178,94.401,2007,5.4
Unknown,8.359,93.595,2007,5.4
Unknown,8.077,92.437,2007,6.1
Unknown,10.653,92.361,2006,6.2
Unknown,22.104,93.351,2006,5
Unknown,10.441,91.755,2006,5
Unknown,35.472,78.225,2006,5.5
Unknown,24.662,92.71,2006,5
Unknown,8.632,91.926,2006,5.1
Unknown,32.974,96.208,2006,5.5
Unknown,32.978,96.208,2006,5.2
Unknown,6.501,92.793,2006,6.3
Unknown,8.811,93.596,2006,5
Unknown,6.938,92.454,2006,6
Unknown,33.148,76.241,2006,5
Unknown,23.309,94.307,2006,5.6
Unknown,29.504,80.998,2006,5
Unknown,31.607,90.413,2006,5.7
Unknown,9.406,93.217,2006,5
Unknown,35.314,89.669,2006,5.6
Unknown,23.322,70.477,2006,5.5
Unknown,23.726,70.682,2006,5
Unknown,35.255,95.653,2006,5.3
Unknown,23.184,93.851,2006,5.1
Unknown,29.345,68.428,2006,5.1
Unknown,34.756,73.747,2006,5.2
Unknown,10.718,94.35,2006,5
Unknown,10.798,94.426,2006,5.4
Unknown,13.879,93.638,2006,5.2
Unknown,10.641,94.23,2006,5
Unknown,10.62,94.214,2006,5
Unknown,10.689,94.4,2006,5.2
Unknown,10.55,94.258,2006,5.1
Unknown,10.632,94.284,2006,5.2
Unknown,10.716,94.256,2006,5.4
Unknown,10.73,94.358,2006,5.2
Unknown,10.708,94.359,2006,5.3
Unknown,10.712,94.429,2006,5.2
Unknown,10.719,94.335,2006,5.2
Unknown,10.707,94.536,2006,5
Unknown,10.659,94.239,2006,5.3
Unknown,10.84,94.58,2006,5.4
Unknown,10.725,94.359,2006,5
Unknown,10.801,94.51,2006,5.2
Unknown,10.789,94.45,2006,5.2
Unknown,10.736,94.275,2006,5.1
Unknown,8.922,94.599,2006,5.1
Unknown,10.698,93.901,2006,5.1
Unknown,23.777,70.899,2006,5.5
Unknown,21.116,94.469,2006,5.2
Unknown,35.286,89.541,2006,5.1
Unknown,35.28,89.598,2006,5.4
Unknown,26.863,91.632,2006,5.2
Unknown,26.912,91.705,2006,5.8
Unknown,27.382,88.388,2006,5.3
Unknown,11.86,92.372,2006,6.1
Unknown,13.002,93.245,2006,5.6
Unknown,12.235,95.2,2006,5.4
Unknown,25.01,96.197,2005,5.1
Unknown,34.611,73.351,2005,5.1
Unknown,34.621,73.237,2005,5.2
Unknown,35.829,93.296,2005,5
Unknown,30.476,79.255,2005,5.1
Unknown,34.65,73.126,2005,5.2
Unknown,34.52,73.385,2005,5.1
Unknown,29.731,81.868,2005,5
Unknown,34.661,73.196,2005,5.2
Unknown,34.854,73.042,2005,5.5
Unknown,25.568,96.05,2005,5
Unknown,34.737,73.106,2005,5.1
Unknown,34.755,73.055,2005,5.4
Unknown,34.751,73.037,2005,5.6
Unknown,34.786,72.985,2005,5
Unknown,33.954,73.93,2005,5
Unknown,34.014,74.003,2005,5.2
Unknown,34.779,73.101,2005,5.3
Unknown,10.894,92.296,2005,5.4
Unknown,34.349,73.7,2005,5.3
Unknown,34.658,73.135,2005,5
Unknown,34.702,73.198,2005,5
Unknown,34.67,73.182,2005,5.7
Unknown,34.569,73.158,2005,5.3
Unknown,34.708,73.066,2005,5
Unknown,34.651,73.205,2005,5.4
Unknown,34.71,73.199,2005,5.7
Unknown,34.75,73.272,2005,5.2
Unknown,34.771,73.12,2005,5.7
Unknown,34.621,72.996,2005,5.2
Unknown,34.593,73.187,2005,5.6
Unknown,34.726,73.043,2005,5
Unknown,34.644,73.243,2005,5.1
Unknown,34.733,73.1,2005,6.4
Unknown,34.688,73.247,2005,5.1
Unknown,34.788,73.123,2005,5
Unknown,34.63,73.47,2005,5.4
Unknown,34.536,73.408,2005,5.3
Unknown,34.755,73.152,2005,5.5
Unknown,34.706,73.13,2005,5.3
Unknown,34.636,73.234,2005,5.4
Unknown,34.166,73.561,2005,5.1
Unknown,34.392,73.729,2005,5.1
Unknown,34.65,73.125,2005,5.7
Unknown,34.625,73.07,2005,5
Unknown,34.718,73.158,2005,5.3
Unknown,34.586,73.159,2005,5.4
Unknown,34.515,73.323,2005,5.6
Unknown,34.712,73.239,2005,5.6
Unknown,34.353,73.477,2005,5.8
Unknown,34.994,73.781,2005,5.7
Unknown,34.238,73.579,2005,5.9
Unknown,34.539,73.588,2005,7.6
Unknown,7.897,92.063,2005,5.3
Unknown,24.561,94.781,2005,5.7
Unknown,7.647,93.974,2005,5.1
Unknown,8.073,91.912,2005,5.5
Unknown,7.686,92.199,2005,5.2
Unknown,11.044,92.251,2005,5.1
Unknown,7.738,94.13,2005,5.5
Unknown,6.725,92.667,2005,5.4
Unknown,8.016,91.958,2005,5.1
Unknown,8.381,92.328,2005,5.3
Unknown,8.372,91.639,2005,5.3
Unknown,8.02,93.002,2005,5.2
Unknown,8.123,91.926,2005,5.6
Unknown,7.791,92.01,2005,5
Unknown,8.091,92.109,2005,5.1
Unknown,8.064,91.816,2005,5.1
Unknown,7.92,92.19,2005,7.2
Unknown,21.015,94.986,2005,5
Unknown,30.003,69.461,2005,5.2
Unknown,10.351,92.903,2005,5.5
Unknown,10.251,93.582,2005,5.3
Unknown,13.849,93.607,2005,5.1
Unknown,7.654,93.934,2005,5.3
Unknown,28.881,94.626,2005,5.8
Unknown,9.291,91.688,2005,5.3
Unknown,10.178,93.634,2005,5.3
Unknown,10.567,92.232,2005,5
Unknown,30.527,83.67,2005,5
Unknown,30.323,83.756,2005,5.1
Unknown,30.588,83.681,2005,5.4
Unknown,30.491,83.662,2005,6.3
Unknown,9.776,93.661,2005,5.2
Unknown,25.477,94.842,2005,5.2
Unknown,12.312,92.568,2005,5.2
Unknown,13.061,92.476,2005,5
Unknown,12.339,92.533,2005,5
Unknown,9.735,91.634,2005,5.2
Unknown,7.412,94.278,2005,5.1
Unknown,9.38,93.112,2005,5.1
Unknown,7.831,94.101,2005,5.6
Unknown,7.734,94.17,2005,5.1
Unknown,10.829,91.772,2005,5.5
Unknown,10.219,93.608,2005,5.4
Unknown,8.097,93.945,2005,5.9
Unknown,24.428,94.537,2005,5.2
Unknown,24.55,92.524,2005,5
Unknown,8.105,94.286,2005,5
Unknown,6.801,92.618,2005,5.1
Unknown,8.07,94.062,2005,5.4
Unknown,13.855,93.58,2005,5.4
Unknown,8.106,94.185,2005,5.9
Unknown,8.061,94.051,2005,5.4
Unknown,10.011,92.982,2005,5
Unknown,7.881,94.319,2005,5.4
Unknown,6.428,90.377,2005,5.1
Unknown,8.319,94.312,2005,5.1
Unknown,9.962,93.96,2005,5.5
Unknown,9.988,93.993,2005,5.3
Unknown,8.113,94.14,2005,5.2
Unknown,9.99,93.959,2005,5.4
Unknown,7.929,94.065,2005,5.2
Unknown,8.072,94.055,2005,5.1
Unknown,8.167,94.265,2005,5.1
Unknown,7.981,94.26,2005,5.1
Unknown,8.222,94.282,2005,5.3
Unknown,8.117,94.056,2005,5.5
Unknown,8.076,94.228,2005,5
Unknown,8.007,94.023,2005,5.2
Unknown,13.154,92.932,2005,5.1
Unknown,13.784,93.147,2005,5.1
Unknown,8.008,94.249,2005,5
Unknown,7.676,94.129,2005,5.1
Unknown,8.171,94.268,2005,5.2
Unknown,8.142,94.23,2005,5
Unknown,8.063,94.267,2005,5.1
Unknown,8.291,94.332,2005,5.3
Unknown,7.959,93.509,2005,5
Unknown,12.377,92.358,2005,5
Unknown,8.018,94.109,2005,5.4
Unknown,8.319,93.959,2005,5
Unknown,7.734,94.084,2005,5
Unknown,7.909,94.386,2005,5.6
Unknown,8.06,94.146,2005,5.3
Unknown,7.812,94.278,2005,5.3
Unknown,8.009,94.106,2005,5.1
Unknown,8.359,94.476,2005,5
Unknown,7.835,94.236,2005,5
Unknown,13.104,92.996,2005,5.2
Unknown,7.935,94.157,2005,5.3
Unknown,8.109,94.274,2005,5.1
Unknown,7.795,94.103,2005,5.4
Unknown,7.311,92.528,2005,5.3
Unknown,7.957,94.098,2005,5
Unknown,7.728,94.022,2005,5.2
Unknown,7.745,93.964,2005,5.4
Unknown,7.989,94.114,2005,5.5
Unknown,7.915,94.127,2005,5.1
Unknown,8.002,94.102,2005,5.1
Unknown,7.903,94.059,2005,5.3
Unknown,8.099,94.059,2005,5.2
Unknown,8.06,94.051,2005,5.2
Unknown,7.86,94.003,2005,5.3
Unknown,7.863,93.964,2005,5.3
Unknown,8.009,94.069,2005,5.3
Unknown,7.969,94.13,2005,5.6
Unknown,7.907,94.033,2005,5.7
Unknown,7.9,93.993,2005,5.5
Unknown,7.897,93.897,2005,5.4
Unknown,7.816,94.02,2005,5.1
Unknown,8.162,94.173,2005,5.2
Unknown,7.807,93.564,2005,5.4
Unknown,7.907,94.177,2005,5
Unknown,7.517,93.996,2005,5.2
Unknown,7.96,94.041,2005,5.4
Unknown,7.831,93.953,2005,5.2
Unknown,7.724,94.019,2005,5.3
Unknown,8.007,94.117,2005,5
Unknown,7.924,94.117,2005,5.2
Unknown,7.887,94.097,2005,5.3
Unknown,7.793,94.105,2005,5.1
Unknown,8.09,94.116,2005,5.4
Unknown,7.984,94.102,2005,5
Unknown,8.039,94.105,2005,5.4
Unknown,7.846,93.922,2005,5.2
Unknown,8.121,94.031,2005,5.2
Unknown,7.804,94.18,2005,5.1
Unknown,9.697,93.471,2005,5.3
Unknown,8.181,94.162,2005,5.2
Unknown,7.934,94.046,2005,5
Unknown,8.153,93.961,2005,5.2
Unknown,7.973,94.058,2005,5.1
Unknown,8.128,94.047,2005,5.3
Unknown,8.011,94.079,2005,5.2
Unknown,7.899,94.107,2005,5.3
Unknown,7.858,94.107,2005,5.6
Unknown,7.97,94.116,2005,5.4
Unknown,7.601,94.206,2005,5.4
Unknown,7.643,94.128,2005,5.1
Unknown,7.877,94.093,2005,5.9
Unknown,7.99,94.159,2005,5
Unknown,7.989,93.899,2005,5.1
Unknown,8.077,94.199,2005,5
Unknown,7.706,94.123,2005,5.3
Unknown,7.963,94.214,2005,5.3
Unknown,7.92,94.258,2005,5
Unknown,7.694,94.238,2005,5.2
Unknown,7.98,94.116,2005,5.1
Unknown,7.842,93.984,2005,5.1
Unknown,7.994,94.155,2005,5.5
Unknown,7.936,94.266,2005,5.4
Unknown,7.869,94.124,2005,5.3
Unknown,7.792,94.119,2005,5.2
Unknown,7.828,94.216,2005,5.3
Unknown,7.987,94.096,2005,5.4
Unknown,7.907,94.345,2005,5.4
Unknown,7.733,93.968,2005,5.1
Unknown,8.015,94.002,2005,5.5
Unknown,7.977,94.179,2005,5.3
Unknown,7.937,94.173,2005,5.3
Unknown,7.53,93.858,2005,5.1
Unknown,7.96,94.13,2005,5.3
Unknown,8.063,93.822,2005,5.3
Unknown,7.846,94.006,2005,5.4
Unknown,7.934,94.086,2005,5.2
Unknown,7.809,94.02,2005,5.2
Unknown,7.687,94.065,2005,5.2
Unknown,7.951,94.268,2005,5.5
Unknown,7.777,94.054,2005,5.2
Unknown,7.954,94.109,2005,5.3
Unknown,7.91,94.03,2005,5.5
Unknown,7.969,94.14,2005,5.2
Unknown,7.896,94.135,2005,5.2
Unknown,7.85,93.977,2005,5.2
Unknown,7.83,93.95,2005,5.3
Unknown,7.933,94.052,2005,5.2
Unknown,7.944,94.059,2005,5.7
Unknown,7.821,94.179,2005,5
Unknown,10.783,91.777,2005,5.2
Unknown,7.964,94.094,2005,5.3
Unknown,13.285,92.84,2005,5
Unknown,7.828,94,2005,5.4
Unknown,7.87,94.251,2005,5.1
Unknown,7.942,93.99,2005,5.4
Unknown,7.842,94.01,2005,5.1
Unknown,8.018,94.063,2005,5.5
Unknown,8.25,94.038,2005,5.6
Unknown,7.33,92.482,2005,6.3
Unknown,13.635,93.011,2005,5.1
Unknown,14.554,92.938,2005,5.5
Unknown,6.437,93.348,2005,5.2
Unknown,10.622,92.019,2005,5
Unknown,14.57,92.594,2005,5
Unknown,8.662,93.616,2005,5
Unknown,14.57,92.387,2005,5.5
Unknown,8.861,93.251,2005,5.1
Unknown,10.528,92.282,2005,5.5
Unknown,7.59,92.4,2005,5.3
Unknown,10.641,91.925,2005,5.1
Unknown,8.765,93.564,2005,5.3
Unknown,10.906,91.795,2005,5.5
Unknown,14.105,93.123,2005,5
Unknown,10.804,93.606,2005,5.3
Unknown,6.974,91.963,2005,5.3
Unknown,6.938,91.908,2005,5.4
Unknown,6.725,93.03,2005,5.1
Unknown,10.556,91.727,2005,5.7
Unknown,10.609,92.385,2005,5.2
Unknown,10.672,92.362,2005,6.1
Unknown,10.576,92.22,2005,5.1
Unknown,6.36,92.787,2005,6.4
Unknown,9.026,92.626,2005,5.2
Unknown,7.192,92.765,2005,5.5
Unknown,7.136,92.7,2005,5.1
Unknown,7.336,94.455,2005,6.1
Unknown,8.115,93.218,2005,5.5
Unknown,10.843,91.782,2005,5
Unknown,8.782,93.057,2005,5
Unknown,7.034,92.462,2005,5.2
Unknown,7.293,93.919,2005,5
Unknown,9.435,93.895,2004,5.3
Unknown,7.019,92.596,2004,5
Unknown,6.204,92.913,2004,6
Unknown,7.636,93.947,2004,5.6
Unknown,11.083,91.988,2004,5.1
Unknown,7.12,92.533,2004,6.1
Unknown,20.951,97.758,2004,5.1
Unknown,12.237,92.515,2004,5.7
Unknown,6.76,92.906,2004,5.4
Unknown,19.922,95.955,2004,5
Unknown,7.861,92.072,2004,5.2
Unknown,10.327,93.693,2004,5.3
Unknown,13.745,93.13,2004,5.2
Unknown,7.673,93.762,2004,5
Unknown,9.358,93.145,2004,5
Unknown,13.236,92.691,2004,5.4
Unknown,9.606,93.602,2004,5.4
Unknown,8.822,93.088,2004,5.9
Unknown,8.791,93.198,2004,6.2
Unknown,13.3,92.66,2004,5.4
Unknown,9.109,93.756,2004,6.1
Unknown,8.378,93.156,2004,5.9
Unknown,9.344,93.052,2004,5
Unknown,11.076,92.122,2004,5
Unknown,6.718,93.004,2004,5.2
Unknown,13.847,92.846,2004,5.1
Unknown,8.955,93.77,2004,5.4
Unknown,10.064,93.159,2004,5
Unknown,9.488,93.699,2004,5.2
Unknown,9.937,93.801,2004,5.4
Unknown,10.419,93.023,2004,5.2
Unknown,10.546,92.353,2004,5.3
Unknown,9.45,93.711,2004,5.4
Unknown,6.82,92.813,2004,5
Unknown,7.655,94.135,2004,5.5
Unknown,8.738,92.646,2004,5.1
Unknown,7.994,91.89,2004,5.4
Unknown,9.779,92.985,2004,5
Unknown,6.391,92.164,2004,5.2
Unknown,8.948,93.682,2004,5.3
Unknown,7.064,91.786,2004,5.7
Unknown,8.547,93.686,2004,5.3
Unknown,7.814,92.151,2004,5.2
Unknown,8.971,92.36,2004,5
Unknown,11.489,92.494,2004,5.1
Unknown,11.586,92.499,2004,5.5
Unknown,9.298,93.817,2004,5
Unknown,10.592,93.588,2004,5.2
Unknown,12.35,92.469,2004,5.6
Unknown,8.546,93.873,2004,5.2
Unknown,12.805,92.684,2004,5
Unknown,8.075,92.296,2004,5.1
Unknown,13.657,93.05,2004,5.3
Unknown,13.681,93.039,2004,5.4
Unknown,7.512,92.645,2004,5
Unknown,7.706,92.645,2004,5.7
Unknown,6.477,93.279,2004,5.6
Unknown,7.94,93.483,2004,5
Unknown,8.021,92.101,2004,5.2
Unknown,6,93.214,2004,5.2
Unknown,6.829,92.596,2004,5
Unknown,6.254,93.455,2004,5.2
Unknown,7.849,94.112,2004,5.2
Unknown,6.755,92.583,2004,5
Unknown,12.982,92.395,2004,5.8
Unknown,9.088,93.663,2004,5.4
Unknown,8.472,92.394,2004,5.5
Unknown,9.294,91.969,2004,5.1
Unknown,13.71,92.953,2004,5.5
Unknown,9.425,93.658,2004,5.1
Unknown,6.319,93.318,2004,5.3
Unknown,8.058,92.198,2004,5
Unknown,8.953,94.036,2004,5
Unknown,12.861,92.484,2004,5.1
Unknown,13.599,92.852,2004,5
Unknown,8.93,93.974,2004,5.2
Unknown,7.442,94.216,2004,5
Unknown,6.731,92.982,2004,5.3
Unknown,13.59,92.91,2004,5.7
Unknown,11.465,92.184,2004,5.3
Unknown,8.298,92.357,2004,5.1
Unknown,13.496,92.923,2004,5
Unknown,7.715,94.034,2004,5.2
Unknown,10.428,93.909,2004,5.1
Unknown,11.57,92.41,2004,5.4
Unknown,12.188,92.6,2004,5.4
Unknown,6.388,93.254,2004,5.2
Unknown,13.533,92.84,2004,6.2
Unknown,12.448,92.439,2004,5.4
Unknown,10.07,93.834,2004,5.5
Unknown,10.19,93.677,2004,5.3
Unknown,7.633,92.314,2004,5.5
Unknown,6.531,92.83,2004,5.4
Unknown,8.7,92.62,2004,5.4
Unknown,13.462,92.738,2004,6.3
Unknown,8.857,93.738,2004,5.5
Unknown,10.253,94.305,2004,5.1
Unknown,7.178,93.756,2004,5.4
Unknown,8.879,92.375,2004,6.6
Unknown,7.061,94.387,2004,5
Unknown,7.309,92.186,2004,5.2
Unknown,8.895,93.479,2004,5.2
Unknown,7.478,92.362,2004,5.3
Unknown,8.128,94.066,2004,5.5
Unknown,7.808,93.428,2004,5.95
Unknown,13.13,93.035,2004,5.7
Unknown,7.422,92.637,2004,5.1
Unknown,10.363,93.747,2004,5.6
Unknown,9.362,93.701,2004,5.4
Unknown,10.984,92.282,2004,5.5
Unknown,6.651,92.963,2004,5.4
Unknown,10.677,92.325,2004,5.4
Unknown,9.308,93.912,2004,5.1
Unknown,8.273,94.057,2004,5.7
Unknown,6.451,93.428,2004,5.2
Unknown,12.159,92.397,2004,5.3
Unknown,9.318,94.039,2004,5.4
Unknown,8.46,92.281,2004,5.1
Unknown,9.156,93.891,2004,5.2
Unknown,9.031,92.462,2004,5
Unknown,9.456,92.175,2004,5.4
Unknown,9.296,92.212,2004,5.3
Unknown,8.966,93.427,2004,5.2
Unknown,11.068,92,2004,5.3
Unknown,8.867,93.751,2004,5.2
Unknown,8.532,93.88,2004,5.4
Unknown,9.123,93.843,2004,5.2
Unknown,6.992,93.175,2004,5
Unknown,7.888,93.991,2004,5.2
Unknown,6.91,92.958,2004,7.2
Unknown,8.962,93.722,2004,5.3
Unknown,6.789,94.082,2004,5.5
Unknown,6.478,92.886,2004,5.1
Unknown,6.722,93.33,2004,5
Unknown,13.465,92.736,2004,5.2
Unknown,7.21,92.924,2004,5.6
Unknown,7.439,94.264,2004,5.4
Unknown,13.745,93.009,2004,5.9
Unknown,8.192,92.456,2004,5.1
Unknown,8.615,92.326,2004,5.5
Unknown,12.504,92.604,2004,5.8
Unknown,8.463,92.607,2004,5.2
Unknown,7.484,92.432,2004,5.4
Unknown,8.493,92.353,2004,5.6
Unknown,12.183,92.936,2004,5.8
Unknown,6.717,93.077,2004,5.1
Unknown,8.868,92.467,2004,5.7
Unknown,12.321,92.499,2004,5.7
Unknown,12.258,92.275,2004,5.3
Unknown,6.17,93.473,2004,5.6
Unknown,6.848,94.667,2004,6
Unknown,8.389,92.454,2004,5.3
Unknown,10.382,92.119,2004,5.2
Unknown,7.764,93.713,2004,5.5
Unknown,8.826,93.708,2004,5.5
Unknown,20.908,97.71,2004,5.8
Unknown,7.421,93.985,2004,6
Unknown,6.34,93.361,2004,6.1
Unknown,35.677,93.178,2004,5
Unknown,24.757,92.539,2004,5.4
Unknown,9.541,93.503,2004,5.3
Unknown,35.267,74.52,2004,5.1
Unknown,35.367,74.409,2004,5
Unknown,31.024,81.154,2004,5.6
Unknown,29.773,95.515,2004,5
Unknown,15.814,95.879,2004,5.7
Unknown,32.542,92.19,2004,5.5
Unknown,30.922,69.769,2004,5.4
Unknown,12.43,94.998,2004,5.6
Unknown,12.27,94.942,2004,5
Unknown,12.445,95.003,2004,5.6
Unknown,12.385,94.948,2004,5.1
Unknown,12.455,94.997,2004,5.9
Unknown,30.714,83.633,2004,5
Unknown,12.405,95.016,2004,5.6
Unknown,33.426,69.524,2004,5.2
Unknown,35.875,70.579,2004,5.4
Unknown,30.694,83.672,2004,6.2
Unknown,34.093,89.349,2004,5.3
Unknown,35.77,92.681,2004,5.3
Unknown,11.051,95.103,2004,5
Unknown,27.099,97.219,2004,5
Unknown,34.079,89.285,2004,5.3
Unknown,7.314,93.572,2004,5
Unknown,29.528,68.407,2004,5.1
Unknown,13.089,93.187,2004,5.2
Unknown,33.998,89.218,2004,5.2
Unknown,8.904,94.022,2004,5.6
Unknown,8.837,93.919,2004,5
Unknown,8.86,94,2004,5.3
Unknown,13.107,93.218,2004,5.1
Unknown,33.944,89.2,2004,5.1
Unknown,33.957,89.265,2004,5.1
Unknown,34.132,89.275,2004,5.2
Unknown,33.931,89.292,2004,5
Unknown,33.954,89.179,2004,6
Unknown,34.006,89.235,2004,5
Unknown,33.962,89.235,2004,5.4
Unknown,31.639,91.236,2004,5.6
Unknown,33.291,91.953,2004,5
Unknown,12.959,93.135,2004,5.5
Unknown,34.798,73.206,2004,5.4
Unknown,34.774,73.216,2004,5.5
Unknown,19.852,95.698,2003,5.2
Unknown,19.886,95.952,2003,5.1
Unknown,31.288,70.071,2003,5
Unknown,13.037,93.245,2003,5.4
Unknown,19.808,95.742,2003,5.3
Unknown,19.917,95.672,2003,6.6
Unknown,29.573,95.605,2003,5.5
Unknown,12.124,93.53,2003,6
Unknown,26.687,97.036,2003,5
Unknown,23.689,70.435,2003,5
Unknown,22.825,92.343,2003,5.5
Unknown,22.854,92.306,2003,5.7
Unknown,6.678,93.601,2003,5.6
Unknown,12.563,95.627,2003,5
Unknown,12.643,94.981,2003,5.3
Unknown,12.014,94.969,2003,5.1
Unknown,34.606,89.475,2003,5.8
Unknown,35.705,93.711,2003,5
Unknown,35.802,80.653,2003,5
Unknown,32.609,92.337,2003,5.1
Unknown,32.588,92.425,2003,5.1
Unknown,32.681,93.094,2003,5.2
Unknown,35.973,70.548,2003,5.2
Unknown,35.976,70.585,2003,5.9
Unknown,12.518,92.564,2003,5.9
Unknown,27.264,89.331,2003,5.5
Unknown,32.512,93.787,2003,5.1
Unknown,7.844,94.203,2003,5.2
Unknown,12.95,95.607,2003,5.1
Unknown,7.774,93.845,2003,5.2
Unknown,19.888,95.238,2003,5
Unknown,29.8,88.006,2003,5.1
Unknown,12.922,95.552,2003,5.3
Unknown,35.704,69.868,2002,5.5
Unknown,35.301,74.494,2002,5
Unknown,8.844,94.065,2002,5
Unknown,19.379,94.513,2002,5.6
Unknown,28.64,95.082,2002,5.1
Unknown,35.407,74.549,2002,5
Unknown,35.414,74.515,2002,6.3
Unknown,17.212,93.756,2002,5
Unknown,13.25,95.698,2002,5.4
Unknown,35.415,74.6,2002,5.3
Unknown,12.701,92.856,2002,5.8
Unknown,35.652,74.419,2002,5.2
Unknown,35.517,74.654,2002,5.4
Unknown,35.141,96.097,2002,5.4
Unknown,6.03,94.419,2002,5.7
Unknown,35.654,93.129,2002,5.1
Unknown,21.183,93.528,2002,5.1
Unknown,33.364,93.567,2002,5.1
Unknown,13.112,93.168,2002,5.5
Unknown,13.054,93.175,2002,5
Unknown,13.055,93.157,2002,5.8
Unknown,12.952,93.107,2002,5.1
Unknown,13.036,93.068,2002,6.5
Unknown,29.871,87.878,2002,5
Unknown,8.337,93.432,2002,5.1
Unknown,30.797,69.979,2002,5.8
Unknown,34.132,94.495,2002,5.6
Unknown,30.595,81.44,2002,5.6
Unknown,9.835,93.592,2002,5
Unknown,35.883,69.259,2002,5.1
Unknown,35.959,69.417,2002,5.9
Unknown,35.951,69.199,2002,5.1
Unknown,35.952,69.237,2002,5.1
Unknown,33.123,75.91,2002,5.3
Unknown,35.729,92.77,2001,5.3
Unknown,27.15,88.171,2001,5.1
Unknown,35.583,93.928,2001,5.1
Unknown,29.51,81.739,2001,5.1
Unknown,29.548,81.745,2001,5.4
Unknown,29.606,81.752,2001,5.5
Unknown,35.763,93.672,2001,5.4
Unknown,35.712,93.689,2001,5.4
Unknown,35.726,93.691,2001,5.6
Unknown,35.596,94.491,2001,5.3
Unknown,35.65,93.958,2001,5
Unknown,35.61,93.977,2001,5.2
Unknown,35.753,94.023,2001,5.1
Unknown,35.647,93.881,2001,5.4
Unknown,35.726,93.384,2001,5.6
Unknown,35.946,90.541,2001,7.8
Unknown,27.268,91.919,2001,5.2
Unknown,21.068,93.655,2001,5
Unknown,18.896,92.375,2001,5.2
Unknown,11.956,80.214,2001,5.2
Unknown,6.322,94.774,2001,5.5
Unknown,24.432,94.992,2001,5.1
Unknown,12.224,93.352,2001,5.9
Unknown,33.165,95.6,2001,5.5
Unknown,27.957,85.178,2001,5
Unknown,33.014,73.121,2001,5.1
Unknown,30.983,69.773,2001,5.2
Unknown,35.169,69.389,2001,5
Unknown,30.131,69.742,2001,5.1
Unknown,12.277,93.525,2001,5.2
Unknown,28.872,87.162,2001,5.2
Unknown,24.627,95.042,2001,5.3
Unknown,8.656,94.013,2001,6
Unknown,8.725,93.958,2001,5.4
Unknown,32.401,69.444,2001,5.3
Unknown,34.369,86.902,2001,5.9
Unknown,23.896,93.695,2001,5.2
Unknown,23.568,70.072,2001,5.4
Unknown,23.654,70.425,2001,5.1
Unknown,23.655,70.435,2001,5.3
Unknown,23.252,70.387,2001,5.4
Unknown,23.507,70.517,2001,5.8
Unknown,23.316,69.981,2001,5.5
Unknown,23.249,70.348,2001,5.1
Unknown,23.272,69.964,2001,5.2
Unknown,23.245,69.836,2001,5.3
Unknown,23.419,70.232,2001,7.7
Unknown,35.868,90.55,2000,5.4
Unknown,21.692,92.908,2000,5.5
Unknown,9.938,92.978,2000,5.6
Unknown,12.688,95.282,2000,5
Unknown,32.742,92.237,2000,5.2
Unknown,32.673,92.231,2000,5.1
Unknown,9.98,92.86,2000,5.3
Unknown,23.866,94.863,2000,5.6
Unknown,10.002,92.952,2000,5.9
Unknown,24.38,97.81,2000,5.4
Unknown,34.144,95.118,2000,5
Unknown,6.422,95.456,2000,5.7
Unknown,17.367,73.849,2000,5.2
Unknown,34.772,73.029,2000,5
Unknown,32.795,92.202,2000,5.4
Unknown,24.51,94.686,2000,5.2
Unknown,35.249,77.447,2000,5.4
Unknown,26.587,97.018,2000,5.1
Unknown,26.856,97.238,2000,6.3
Unknown,35.975,70.657,2000,6.3
Unknown,32.962,95.48,2000,5.2
Unknown,17.099,73.672,2000,5
Unknown,23.07,94.196,2000,5.1
Unknown,33.997,90.847,2000,5.1
Unknown,30.973,95.502,2000,5.2
Unknown,27.663,92.631,2000,5.2
Unknown,32.222,92.7,2000,5.5
Unknown,27.559,92.498,2000,5
Unknown,7.142,94.311,1999,5.2
Unknown,12.593,95.136,1999,5
Unknown,13.111,92.265,1999,5
Unknown,30.07,69.412,1999,5.1
Unknown,26.26,91.926,1999,5.2
Unknown,8.355,93.826,1999,5.2
Unknown,34.674,70.938,1999,5.2
Unknown,18.389,96.228,1999,5.2
Unknown,28.442,86.733,1999,5.2
Unknown,29.999,69.397,1999,5.5
Unknown,21.544,91.895,1999,5.2
Unknown,30.069,69.419,1999,5.7
Unknown,30.01,69.372,1999,5
Unknown,30.098,69.444,1999,5.6
Unknown,32.892,93.771,1999,5.4
Unknown,33.237,73.224,1999,5
Unknown,11.781,94.987,1999,5.3
Unknown,30.414,79.321,1999,5.1
Unknown,24.908,93.678,1999,5.6
Unknown,30.376,79.335,1999,5.3
Unknown,30.315,79.387,1999,5.4
Unknown,30.512,79.403,1999,6.6
Unknown,23.307,93.722,1999,5
Unknown,34.259,69.364,1999,6
Unknown,26.345,93.499,1998,5
Unknown,27.753,87.894,1998,5.1
Unknown,8.698,93.95,1998,5.1
Unknown,11.052,92.514,1998,5.2
Unknown,11.061,92.461,1998,5
Unknown,23.743,94.683,1998,5.4
Unknown,7.557,94.281,1998,5.4
Unknown,30.203,88.298,1998,5.2
Unknown,29.948,88.117,1998,5.2
Unknown,27.77,92.812,1998,5
Unknown,27.85,86.941,1998,5.6
Unknown,30.044,88.077,1998,5
Unknown,30.191,88.15,1998,5
Unknown,30.079,88.109,1998,5.9
Unknown,27.555,90.977,1998,5.2
Unknown,7.324,94.305,1998,6
Unknown,7.347,94.355,1998,5.4
Unknown,29.329,68.74,1998,5.4
Unknown,30.375,88.192,1998,5.1
Unknown,30.134,88.173,1998,5.8
Unknown,27.325,91.027,1998,5.2
Unknown,29.949,69.359,1998,5.1
Unknown,10.151,93.957,1998,5.2
Unknown,27.105,71.802,1998,5.2
Unknown,24.932,95.311,1998,5.5
Unknown,34.516,70.674,1998,5
Unknown,35.011,86.526,1998,5.1
Unknown,9.354,93.618,1998,5.4
Unknown,25.384,96.609,1997,5.8
Unknown,7.371,94.119,1997,5
Unknown,7.466,94.218,1997,5
Unknown,7.577,94.279,1997,5
Unknown,29.631,68.343,1997,5.1
Unknown,27.475,87.175,1997,5
Unknown,27.618,87.347,1997,5.1
Unknown,22.212,92.702,1997,6.1
Unknown,6.878,94.204,1997,5.1
Unknown,33.678,88.281,1997,5.3
Unknown,35.069,87.325,1997,7.5
Unknown,29.078,85.383,1997,5.5
Unknown,29.552,89.698,1997,5.3
Unknown,35.772,80.661,1997,5.3
Unknown,6.454,94.603,1997,5
Unknown,30.077,68.004,1997,5.6
Unknown,30.291,96.978,1997,5.2
Unknown,23.887,93.159,1997,5.3
Unknown,26.811,91.793,1997,5
Unknown,29.591,68.403,1997,5
Unknown,21.818,94.884,1997,5.4
Unknown,30.121,68.033,1997,5.2
Unknown,35.946,70.766,1997,5
Unknown,34.893,73.683,1997,5
Unknown,23.083,80.041,1997,5.8
Unknown,30.285,96.993,1997,5.2
Unknown,34.257,89.833,1997,5
Unknown,24.894,92.25,1997,6
Unknown,12.249,93.357,1997,5
Unknown,22.574,94.459,1997,5.3
Unknown,32.932,84.612,1997,5.4
Unknown,30.136,68.022,1997,5.9
Unknown,29.422,68.79,1997,5.7
Unknown,29.767,68.322,1997,5.1
Unknown,29.976,68.208,1997,7.1
Unknown,35.687,95.819,1997,5.5
Unknown,27.946,85.127,1997,5.2
Unknown,8.858,93.695,1997,5.3
Unknown,29.845,80.532,1997,5.6
Unknown,10.568,92.742,1997,5.1
Unknown,27.435,86.638,1996,5
Unknown,28.853,96.021,1996,5
Unknown,35.229,77.848,1996,5
Unknown,35.345,78.133,1996,6.9
Unknown,24.498,92.641,1996,5.4
Unknown,19.33,95.013,1996,6
Unknown,29.345,81.637,1996,5
Unknown,27.433,88.552,1996,5
Unknown,30.111,88.143,1996,5.1
Unknown,30.174,88.178,1996,5.5
Unknown,21.307,94.804,1996,5.2
Unknown,25.169,96.253,1996,5.4
Unknown,35.998,68.76,1996,5
Unknown,21.509,94.853,1996,5.1
Unknown,29.923,88.187,1996,5
Unknown,30.147,88.189,1996,5.7
Unknown,8.275,94.22,1996,5.2
Unknown,28.612,68.999,1996,5.1
Unknown,28.325,92.201,1996,5.2
Unknown,27.825,87.821,1996,5
Unknown,7.134,94.477,1996,5.4
Unknown,6.973,94.513,1996,5.8
Unknown,31.496,73.461,1996,5.2
Unknown,35.685,78.497,1996,5.3
Unknown,10.475,92.698,1996,5.2
Unknown,30.905,91.523,1996,5.1
Unknown,34.488,97.474,1995,5
Unknown,34.511,97.351,1995,5.7
Unknown,26.852,96.059,1995,5.1
Unknown,32.896,92.201,1995,5.1
Unknown,8.845,93.678,1995,5.2
Unknown,32.624,69.68,1995,5.7
Unknown,17.899,96.457,1995,6.1
Unknown,25.29,95.155,1995,5.2
Unknown,24.987,95.294,1995,6.4
Unknown,27.635,92.371,1995,5.5
Unknown,18.62,93.767,1995,5
Unknown,19.486,96.211,1995,5.1
Unknown,35.655,80.663,1994,5.5
Unknown,13.004,93.473,1994,5.1
Unknown,35.833,90.737,1994,5.2
Unknown,13.661,95.689,1994,5.3
Unknown,25.54,96.657,1994,5.9
Unknown,10.215,93.774,1994,5.1
Unknown,8.121,93.935,1994,5.2
Unknown,33.154,88.125,1994,5.2
Unknown,34.245,91.814,1994,5.5
Unknown,17.974,96.415,1994,5.8
Unknown,34.927,89.205,1994,5.2
Unknown,10.517,94.36,1994,5.4
Unknown,10.634,94.382,1994,5.5
Unknown,10.71,94.458,1994,5.1
Unknown,24.721,95.2,1994,6.1
Unknown,21.514,93.981,1994,5.8
Unknown,31.068,86.549,1994,5.4
Unknown,29.149,81.371,1994,5
Unknown,32.541,93.684,1994,5.1
Unknown,32.567,93.673,1994,5.9
Unknown,28.736,70.07,1994,5.9
Unknown,20.556,94.16,1994,6.5
Unknown,7.646,94.279,1994,5.9
Unknown,24.802,94.548,1994,5
Unknown,24.978,95.539,1994,5
Unknown,24.639,94.788,1994,5.1
Unknown,26.188,96.867,1994,5.9
Unknown,17.228,73.523,1994,5
Unknown,25.231,97.203,1994,6.1
Unknown,17.074,73.634,1993,5.1
Unknown,6.818,78.301,1993,5.2
Unknown,17.369,77.468,1993,5
Unknown,28.723,82.28,1993,5.1
Unknown,28.776,82.256,1993,5
Unknown,11.815,92.529,1993,5.3
Unknown,18.092,76.441,1993,5
Unknown,18.066,76.451,1993,6.2
Unknown,33.322,75.74,1993,5
Unknown,30.34,94.831,1993,5.1
Unknown,6.571,94.668,1993,5.9
Unknown,6.684,93.577,1993,5
Unknown,20.641,71.365,1993,5
Unknown,6.537,95.546,1993,5
Unknown,35.629,77.788,1993,5
Unknown,35.568,78.407,1993,5.1
Unknown,28.835,96.082,1993,5
Unknown,32.981,96.053,1993,5
Unknown,11.997,95.026,1993,5.2
Unknown,35.653,77.652,1993,5.2
Unknown,23.232,94.498,1993,5.1
Unknown,29.091,87.349,1993,5.1
Unknown,24.68,95.1,1993,5
Unknown,28.994,87.383,1993,5.2
Unknown,29.084,87.333,1993,6.2
Unknown,12.147,95.082,1993,5.3
Unknown,33.527,72.508,1993,5
Unknown,25.85,87.473,1993,5
Unknown,30.837,90.373,1993,5.9
Unknown,34.568,88.053,1992,5.2
Unknown,25.473,91.414,1992,5
Unknown,9.291,93.479,1992,6
Unknown,20.365,94.34,1992,5.2
Unknown,19.004,96.277,1992,5.4
Unknown,11.645,93.59,1992,5.3
Unknown,35.84,71.026,1992,5
Unknown,31.678,70.09,1992,5
Unknown,34.66,80.122,1992,5.2
Unknown,30.135,92.105,1992,5
Unknown,29.584,90.163,1992,6.1
Unknown,21.005,89.973,1992,5.3
Unknown,21.056,93.686,1992,5.2
Unknown,11.709,92.509,1992,5.1
Unknown,35.139,81.131,1992,5
Unknown,24.027,95.932,1992,6.3
Unknown,28.984,81.913,1992,5.2
Unknown,33.377,71.317,1992,6.3
Unknown,24.315,94.898,1992,5.7
Unknown,35.696,80.661,1992,5.7
Unknown,33.566,72.31,1992,5.1
Unknown,20.927,94.586,1992,5.6
Unknown,24.874,95.231,1992,5.2
Unknown,33.832,72.905,1992,5
Unknown,9.216,92.833,1992,5.1
Unknown,25.195,92.225,1992,5
Unknown,29.627,95.646,1992,5.1
Unknown,29.61,95.521,1992,5.6
Unknown,35.515,74.529,1992,5.5
Unknown,34.566,93.164,1992,5.2
Unknown,9.311,86.964,1992,5.7
Unknown,31.954,69.991,1992,5.4
Unknown,33.966,88.942,1991,5
Unknown,33.917,88.863,1991,5.2
Unknown,24.72,93.103,1991,5.4
Unknown,33.976,88.84,1991,5.1
Unknown,29.543,81.632,1991,5.6
Unknown,24.059,93.913,1991,5.1
Unknown,24.015,93.986,1991,5.5
Unknown,26.323,70.607,1991,5.4
Unknown,30.78,78.774,1991,6.8
Unknown,35.921,69.862,1991,5
Unknown,6.19,94.835,1991,5
Unknown,10.746,92.843,1991,5.1
Unknown,6.669,94.661,1991,5.3
Unknown,6.882,94.609,1991,5.9
Unknown,6.937,94.531,1991,5.8
Unknown,25.099,88.791,1991,5
Unknown,8.439,94.629,1991,5.1
Unknown,30.363,94.87,1991,5
Unknown,8.224,94.112,1991,5.5
Unknown,12.525,93.874,1991,5.5
Unknown,21.531,94.02,1991,5
Unknown,26.637,93.187,1991,5.3
Unknown,14.892,96.327,1991,5.2
Unknown,12.627,95.11,1991,5.5
Unknown,24.249,93.705,1991,5.4
Unknown,6.862,95.208,1991,5.2
Unknown,15.844,95.701,1991,5.4
Unknown,15.746,95.738,1991,6
Unknown,7.23,93.447,1991,5.3
Unknown,35.993,70.423,1991,6.9
Unknown,26.029,95.292,1991,5
Unknown,34.025,73.798,1991,5.2
Unknown,24.733,95.232,1991,5.3
Unknown,24.012,95.978,1991,5.2
Unknown,23.613,95.901,1991,7
Unknown,26.619,92.579,1990,5
Unknown,8.257,94.061,1990,6.1
Unknown,33.331,75.712,1990,5.3
Unknown,12.156,93.644,1990,5.3
Unknown,24.308,94.488,1990,5
Unknown,23.895,92.937,1990,5.2
Unknown,12.212,93.749,1990,5.4
Unknown,35.329,71.587,1990,5.3
Unknown,35.121,70.486,1990,5.8
Unknown,32.53,94.027,1990,5
Unknown,29.741,79.791,1990,5.1
Unknown,26.645,92.673,1990,5.2
Unknown,11.791,95.034,1990,5.2
Unknown,7.507,93.975,1990,6
Unknown,15.308,94.029,1990,5
Unknown,32.434,92.802,1990,5.2
Unknown,7.329,94.308,1990,5.6
Unknown,26.437,93.318,1990,5.3
Unknown,34.018,69.742,1990,5.3
Unknown,35.589,73.877,1990,5.4
Unknown,33.192,68.294,1990,5.1
Unknown,35.814,70.943,1990,5.1
Unknown,25.452,96.559,1990,5.2
Unknown,23.03,94.011,1990,5
Unknown,24.946,93.104,1990,5.1
Unknown,29.216,90.092,1990,5
Unknown,6.104,94.683,1990,5
Unknown,35.786,80.757,1990,5.3
Unknown,11.654,95.143,1990,5.9
Unknown,24.516,94.682,1990,5.2
Unknown,24.753,95.241,1990,6.3
Unknown,11.591,95.017,1990,5.7
Unknown,28.225,88.163,1990,5.5
Unknown,21.184,93.746,1989,5.5
Unknown,21.24,93.79,1989,5.3
Unknown,20.697,94.968,1989,5.4
Unknown,24.559,94.707,1989,5.2
Unknown,22.809,94.56,1989,5.6
Unknown,23.851,94.387,1989,5
Unknown,21.861,89.763,1989,5.8
Unknown,27.243,87.886,1989,5
Unknown,35.22,91.575,1989,5.3
Unknown,6.955,94.592,1989,5.2
Unknown,24.472,92.505,1989,5.5
Unknown,29.177,90.077,1989,5.2
Unknown,25.17,94.652,1989,5.6
Unknown,26.987,92.751,1989,5.1
Unknown,21.754,97.941,1989,5.8
Unknown,7.604,94.029,1989,5.3
Unknown,7.617,94.121,1989,5.4
Unknown,26.216,96.866,1989,5.3
Unknown,6.317,92.269,1989,5.8
Unknown,30.231,89.958,1989,5.4
Unknown,18.299,94.123,1989,5.2
Unknown,27.624,91.154,1988,5
Unknown,23.151,93.359,1988,5.2
Unknown,34.333,91.93,1988,5.6
Unknown,34.354,91.88,1988,6.2
Unknown,27.871,85.648,1988,5.2
Unknown,20.32,94.395,1988,5.1
Unknown,27.175,88.293,1988,5
Unknown,25.303,95.099,1988,5.2
Unknown,26.755,86.616,1988,6.9
Unknown,25.32,95.156,1988,5.1
Unknown,25.149,95.127,1988,7.3
Unknown,13.957,93.236,1988,5.1
Unknown,9.549,93.819,1988,5
Unknown,22.078,94.251,1988,5.1
Unknown,28.998,94.779,1988,5.1
Unknown,12.169,92.837,1988,5.2
Unknown,27.042,86.694,1988,5.4
Unknown,11.079,93.469,1988,5.3
Unknown,18.382,95.074,1988,5.2
Unknown,24.688,91.57,1988,5.9
Unknown,30.183,94.892,1988,5.3
Unknown,20.349,96,1988,5.2
Unknown,14.528,96.009,1987,5.2
Unknown,33.115,86.961,1987,5
Unknown,29.856,90.484,1987,5
Unknown,29.866,90.44,1987,5
Unknown,26.689,93.414,1987,5.1
Unknown,23.089,94.402,1987,5.3
Unknown,29.502,83.714,1987,5.6
Unknown,25.271,94.202,1987,6.3
Unknown,24.124,94.655,1987,5.1
Unknown,22.457,93.593,1987,5.3
Unknown,28.642,95.921,1987,5.1
Unknown,28.385,83.682,1987,5.2
Unknown,6.783,95.12,1986,5.8
Unknown,32.192,94.59,1986,5
Unknown,32.651,93.118,1986,5.1
Unknown,32.582,93.012,1986,5
Unknown,33.993,96.32,1986,5
Unknown,26.902,96.425,1986,5.2
Unknown,13.034,93.354,1986,5.1
Unknown,25.385,92.077,1986,5.2
Unknown,31.546,85.067,1986,5.2
Unknown,34.572,91.633,1986,6.4
Unknown,11.709,95.297,1986,5.1
Unknown,23.753,94.177,1986,5.5
Unknown,26.866,95.035,1986,5.4
Unknown,31.26,86.91,1986,5.1
Unknown,31.049,77.997,1986,5.5
Unknown,34.424,80.161,1986,6
Unknown,15.188,96.201,1986,5.6
Unknown,15.168,96.314,1986,5.5
Unknown,26.311,96.899,1986,5
Unknown,31.24,86.847,1986,6.1
Unknown,7.799,94.517,1986,5.9
Unknown,9.117,93.489,1986,5.9
Unknown,35.977,69.065,1986,5
Unknown,29.627,69.363,1986,5.3
Unknown,32.128,76.374,1986,5.5
Unknown,22.839,94.523,1986,5.1
Unknown,24.46,94.807,1986,5
Unknown,34.682,82.968,1986,5
Unknown,25.136,91.184,1986,5.3
Unknown,34.67,82.938,1986,5
Unknown,23.903,92.987,1986,5.4
Unknown,8.8,94.165,1986,6
Unknown,21.092,95.603,1986,5.1
Unknown,34.151,69.544,1986,5.7
Unknown,28.648,86.527,1986,5.2
Unknown,26.93,88.325,1986,5
Unknown,10.551,93.815,1986,5
Unknown,27.13,92.071,1985,5
Unknown,8.544,93.764,1985,5.1
Unknown,27.133,92.537,1985,5.3
Unknown,25.419,97.682,1985,5.1
Unknown,14.82,93.631,1985,5.1
Unknown,25.405,97.696,1985,5.5
Unknown,25.448,97.714,1985,5
Unknown,29.177,95.176,1985,5.7
Unknown,19.238,97.308,1985,5
Unknown,18.367,87.188,1985,5.5
Unknown,34.62,82.992,1985,5.3
Unknown,35.899,68.878,1985,5
Unknown,30.886,73.394,1985,5
Unknown,35.489,87.173,1985,5.8
Unknown,30.91,70.31,1985,5.5
Unknown,30.788,70.337,1985,5.1
Unknown,30.885,70.269,1985,5.9
Unknown,30.771,70.289,1985,5.3
Unknown,8.494,93.653,1985,5.6
Unknown,8.515,93.711,1985,5.4
Unknown,26.218,96.013,1985,5.3
Unknown,35.527,87.283,1985,5.6
Unknown,24.325,69.929,1985,5
Unknown,11.465,95.038,1985,5.3
Unknown,6.445,94.863,1985,5.2
Unknown,6.242,94.727,1985,5
Unknown,28.323,96.036,1985,5.4
Unknown,35.935,70.953,1985,5.1
Unknown,34.306,82.422,1985,5
Unknown,24.765,94.454,1985,5
Unknown,32.879,95.356,1985,5
Unknown,14.075,90.763,1985,5.1
Unknown,27.152,91.986,1985,5.6
Unknown,7.088,94.655,1985,5.1
Unknown,24.641,92.891,1984,6
Unknown,27.409,96.807,1984,5.3
Unknown,26.697,97.085,1984,5.7
Unknown,28.799,84.073,1984,5.3
Unknown,15.56,95.802,1984,5.1
Unknown,25.363,91.468,1984,5.1
Unknown,26.524,92.188,1984,5.2
Unknown,10.79,93.095,1984,5
Unknown,34.185,92.968,1984,5.3
Unknown,10.888,94.738,1984,5.1
Unknown,10.861,94.808,1984,5
Unknown,10.946,94.769,1984,5.1
Unknown,10.844,94.771,1984,5.2
Unknown,10.763,94.815,1984,5
Unknown,10.98,94.566,1984,5
Unknown,10.966,94.577,1984,5.4
Unknown,10.874,94.631,1984,5.3
Unknown,10.816,94.894,1984,5.1
Unknown,10.851,94.618,1984,5.5
Unknown,10.895,94.869,1984,5
Unknown,10.861,94.79,1984,5.4
Unknown,10.932,94.616,1984,5.4
Unknown,10.798,94.774,1984,5.3
Unknown,10.981,94.648,1984,5.4
Unknown,11.235,94.72,1984,5.2
Unknown,10.863,94.735,1984,5.1
Unknown,11.009,94.738,1984,5.2
Unknown,11.096,94.678,1984,5.1
Unknown,11.764,94.408,1984,5
Unknown,11.114,94.723,1984,5.4
Unknown,11.304,94.675,1984,5.3
Unknown,11.255,94.739,1984,5
Unknown,34.672,70.594,1984,5
Unknown,15.675,94.358,1984,5
Unknown,23.721,91.588,1984,5.3
Unknown,29.577,81.869,1984,5.6
Unknown,31.487,72.795,1984,5
Unknown,24.257,93.545,1984,6
Unknown,31.667,82.272,1984,5
Unknown,16.334,87.63,1984,5
Unknown,11.847,95.009,1984,5.2
Unknown,11.671,95.068,1984,5
Unknown,29.788,68.716,1984,5.2
Unknown,29.99,78.871,1984,5.1
Unknown,12.909,93.588,1984,5.2
Unknown,34.216,79.636,1984,5.2
Unknown,24.543,94.661,1984,5.5
Unknown,29.867,80.546,1984,5
Unknown,34.515,70.312,1984,5
Unknown,34.616,70.484,1984,6.1
Unknown,30.288,96.614,1984,5.1
Unknown,28.594,96.365,1984,5
Unknown,34.685,73.019,1984,5.3
Unknown,19.674,94.58,1984,5.2
Unknown,7.12,94.303,1983,5.2
Unknown,12.77,95.675,1983,5
Unknown,35.994,69.115,1983,5.6
Unknown,12.849,95.58,1983,5.1
Unknown,12.663,95.462,1983,5
Unknown,12.685,95.479,1983,5
Unknown,12.636,95.434,1983,5.4
Unknown,13.15,95.737,1983,5.2
Unknown,12.681,95.594,1983,5
Unknown,26.174,96.099,1983,5.1
Unknown,33.967,89.95,1983,5.2
Unknown,22.042,94.375,1983,5.3
Unknown,17.384,73.979,1983,5.11
Unknown,25.478,95.709,1983,5.2
Unknown,20.503,92.995,1983,5.1
Unknown,7.906,93.157,1983,5.3
Unknown,25.092,94.711,1983,5.6
Unknown,24.554,95.128,1983,5.1
Unknown,30.468,96.724,1983,5.2
Unknown,34.226,92.944,1983,5.2
Unknown,34.534,79.734,1983,5
Unknown,22.053,94.34,1983,5.1
Unknown,34.237,92.595,1983,5
Unknown,28.646,96.004,1983,5
Unknown,32.613,78.553,1983,5.3
Unknown,12.917,92.961,1983,5.2
Unknown,12.906,93.483,1983,5
Unknown,26.894,92.893,1983,5.2
Unknown,12.942,93.582,1983,6.8
Unknown,26.898,97.014,1983,5
Unknown,24.232,94.432,1983,5.1
Unknown,26.159,91.641,1982,5
Unknown,29.965,70.183,1982,5
Unknown,11.687,92.955,1982,5.3
Unknown,27.761,94.919,1982,5.1
Unknown,34.583,70.508,1982,5.7
Unknown,7.042,94.372,1982,5.1
Unknown,35.847,82.494,1982,5.2
Unknown,25.381,91.472,1982,5
Unknown,25.91,90.315,1982,5.1
Unknown,19.531,90.615,1982,5.2
Unknown,34.642,69.808,1982,5
Unknown,7.564,94.023,1982,5.5
Unknown,31.583,71.41,1982,5.2
Unknown,29.889,94.901,1982,5.1
Unknown,7.432,93.954,1982,5.2
Unknown,18.519,86.276,1982,5.5
Unknown,7.51,94.035,1982,5.1
Unknown,27.419,88.864,1982,5.1
Unknown,23.588,95.532,1982,5
Unknown,28.579,68.773,1982,5.1
Unknown,11.06,92.309,1982,5.1
Unknown,35.587,73.762,1982,5.4
Unknown,31.649,82.309,1982,5.1
Unknown,6.858,94.036,1982,5.1
Unknown,21.451,94.661,1982,5.4
Unknown,31.539,82.34,1982,5
Unknown,31.557,82.29,1982,5
Unknown,31.582,82.205,1982,6
Unknown,31.696,82.246,1982,6.5
Unknown,30.829,89.822,1982,5.3
Unknown,7.119,93.944,1982,6.2
Unknown,7.045,94.026,1982,5.2
Unknown,7.121,94.099,1982,5
Unknown,6.946,94.002,1982,6.3
Unknown,13.731,95.87,1981,5.2
Unknown,13.735,95.915,1981,5
Unknown,29.546,68.957,1981,5.4
Unknown,12.198,92.855,1981,5.7
Unknown,35.594,73.589,1981,5.1
Unknown,35.693,73.594,1981,6.2
Unknown,35.506,70.321,1981,5
Unknown,26.693,96.064,1981,5.2
Unknown,25.489,96.619,1981,5.1
Unknown,25.153,97.982,1981,5.1
Unknown,11.143,95.277,1981,5.1
Unknown,22.489,95.125,1981,5
Unknown,31.704,78.335,1981,5
Unknown,34.501,91.444,1981,6
Unknown,31.851,78.411,1981,5.6
Unknown,29.504,81.942,1981,5.1
Unknown,22.964,94.593,1981,5
Unknown,24.941,95.384,1981,5.7
Unknown,8.073,85.458,1981,5.2
Unknown,30.294,69.424,1981,5
Unknown,31.39,73.216,1981,5.1
Unknown,27.038,89.752,1981,5.1
Unknown,22.716,93.897,1980,5.3
Unknown,27.394,88.752,1980,6.1
Unknown,23.934,91.292,1980,5
Unknown,8.398,93.35,1980,6.2
Unknown,29.214,70.137,1980,5.1
Unknown,29.17,81.208,1980,5
Unknown,31.354,87.666,1980,5
Unknown,35.131,77.105,1980,5.1
Unknown,35.598,82.073,1980,5.5
Unknown,17.312,73.584,1980,5.3
Unknown,17.179,73.707,1980,5.5
Unknown,15.869,94.701,1980,5.5
Unknown,32.834,75.629,1980,5.2
Unknown,32.913,75.633,1980,5.2
Unknown,10.743,92.806,1980,5
Unknown,24.784,94.587,1980,5.1
Unknown,35.676,77.578,1980,5
Unknown,29.598,81.092,1980,6.5
Unknown,29.331,81.258,1980,5.7
Unknown,32.821,88.517,1980,5.4
Unknown,30.1,81.768,1980,5.1
Unknown,30.659,88.6,1980,5.1
Unknown,10.659,93.825,1980,5.1
Unknown,29.925,68.166,1980,5.1
Unknown,33.019,75.918,1980,5
Unknown,30.159,95.501,1980,5.1
Unknown,21.335,93.804,1980,5.1
Unknown,34.245,87.76,1980,5
Unknown,35.988,91.835,1980,5
Unknown,30.506,88.583,1980,6.2
Unknown,6.774,92.792,1980,5.1
Unknown,6.641,92.66,1980,5
Unknown,6.703,92.61,1980,5.5
Unknown,12.353,95.192,1980,5.1
Unknown,30.628,78.445,1979,5
Unknown,27.089,97.036,1979,5.5
Unknown,29.979,95.429,1979,5.2
Unknown,25.236,96.289,1979,5.1
Unknown,6.393,91.204,1979,5.2
Unknown,18.114,94.816,1979,5.6
Unknown,29.004,95.791,1979,5.1
Unknown,32.731,85.528,1979,5.1
Unknown,24.204,94.939,1979,5
Unknown,11.989,92.859,1979,5.1
Unknown,26.741,87.506,1979,5.1
Unknown,7.308,94.412,1979,5.2
Unknown,24.497,94.724,1979,5.3
Unknown,30.029,80.31,1979,5.9
Unknown,32.152,96.961,1979,5.8
Unknown,22.974,95.938,1979,5.1
Unknown,20.898,93.752,1979,5.3
Unknown,16.566,95.95,1978,5
Unknown,32.724,85.823,1978,5.2
Unknown,14.564,96.514,1978,5.1
Unknown,27.834,85.963,1978,5.2
Unknown,16.603,95.857,1978,5.7
Unknown,26.449,96.933,1978,5.1
Unknown,32.355,83.043,1978,5.2
Unknown,35.378,81.947,1978,5.4
Unknown,32.31,76.522,1978,5
Unknown,6.341,94.154,1978,5
Unknown,33.438,73.532,1978,5
Unknown,35.069,72.964,1978,5
Unknown,33.033,82.285,1978,6
Unknown,23.088,94.715,1978,5.1
Unknown,23.282,94.14,1978,5
Unknown,28.072,84.644,1978,5.2
Unknown,12.863,93.07,1978,5.6
Unknown,12.679,93.029,1978,5
Unknown,12.796,93.016,1978,5.5
Unknown,23.039,94.707,1978,5.1
Unknown,24.759,95.172,1978,5.1
Unknown,29.638,68.757,1978,5
Unknown,23.636,92.386,1977,5.1
Unknown,26.376,96.983,1977,5.16
Unknown,32.837,76.634,1977,5.1
Unknown,35.601,94.518,1977,5
Unknown,32.693,88.388,1977,6.5
Unknown,26.471,93.114,1977,5
Unknown,9.458,93.794,1977,5.1
Unknown,23.484,93.353,1977,5.2
Unknown,9.5,93.929,1977,5
Unknown,29.518,81.096,1977,5
Unknown,9.342,93.137,1977,5.4
Unknown,30.288,94.85,1977,5
Unknown,35.527,70.306,1977,5.2
Unknown,21.747,92.99,1977,5.7
Unknown,32.706,78.545,1977,5
Unknown,34.701,81.258,1977,5.1
Unknown,8.361,93.766,1977,5.1
Unknown,31.786,78.417,1977,5.4
Unknown,33.595,73.253,1977,5.2
Unknown,35.903,70.749,1977,5
Unknown,34.549,70.972,1977,5.1
Unknown,31.048,88.052,1977,5.2
Unknown,33.34,93.914,1976,5.1
Unknown,23.126,94.606,1976,5
Unknown,7.601,94.031,1976,5
Unknown,7.494,93.811,1976,5.9
Unknown,28.676,86.228,1976,5.1
Unknown,35.887,70.815,1976,5
Unknown,31.771,78.348,1976,5
Unknown,29.817,81.39,1976,5
Unknown,29.795,89.559,1976,5.5
Unknown,32.046,78.684,1976,5.4
Unknown,26.68,97.07,1976,6.4
Unknown,6.982,94.312,1976,5.6
Unknown,8.249,94.073,1976,5.3
Unknown,29.955,68.131,1976,5.3
Unknown,21.415,88.79,1976,5.3
Unknown,24.575,68.41,1976,5.2
Unknown,29.284,81.46,1976,5.2
Unknown,10.281,92.875,1976,5.7
Unknown,6.355,97.655,1976,5.4
Unknown,7.335,94.348,1976,5
Unknown,7.494,94.398,1976,5.2
Unknown,21.817,95.417,1976,5.5
Unknown,7.477,94.293,1976,5.3
Unknown,7.448,94.369,1976,5
Unknown,31.32,76.953,1976,5
Unknown,33.021,76.186,1976,5
Unknown,32.854,75.964,1976,5.4
Unknown,18.136,96.431,1975,5.2
Unknown,26.82,97.156,1975,5.3
Unknown,23.678,94.333,1975,5.2
Unknown,32.841,75.989,1975,5.1
Unknown,32.825,76.19,1975,5
Unknown,33.017,76.095,1975,5.4
Unknown,33.029,76.022,1975,5.4
Unknown,28.343,87.636,1975,5.1
Unknown,26.925,86.514,1975,5.19
Unknown,33.29,95.325,1975,5.2
Unknown,7.268,94.393,1975,5
Unknown,7.461,94.429,1975,5.2
Unknown,7.245,94.367,1975,5.2
Unknown,32.035,78.809,1975,5.2
Unknown,32.901,75.991,1975,5.2
Unknown,8.663,94.065,1975,5
Unknown,18.297,96.367,1975,5.1
Unknown,31.973,78.476,1975,5.1
Unknown,29.283,82.161,1975,5.1
Unknown,9.307,94.186,1975,5
Unknown,32.555,78.457,1975,5.5
Unknown,26.509,96.387,1975,5.2
Unknown,31.92,78.605,1975,5.3
Unknown,21.485,94.7,1975,6.5
Unknown,13.063,93.241,1975,5.1
Unknown,22.66,94.995,1975,5.1
Unknown,29.099,95.623,1975,5
Unknown,27.473,87.294,1975,5.2
Unknown,28.231,95.9,1975,5.1
Unknown,35.866,79.848,1975,5.8
Unknown,26.551,97.001,1975,5.4
Unknown,26.592,96.99,1975,5.2
Unknown,26.642,97.025,1975,5.6
Unknown,23.872,94.108,1975,5.3
Unknown,35.16,80.801,1975,5.5
Unknown,12.145,93.721,1975,5
Unknown,35.942,79.934,1975,5
Unknown,33.093,92.924,1975,6.1
Unknown,35.963,80.148,1975,5.1
Unknown,35.829,80.036,1975,5
Unknown,35.88,80.016,1975,5.9
Unknown,35.819,79.915,1975,6.3
Unknown,27.238,86.902,1975,5.1
Unknown,6.297,95.236,1975,5.1
Unknown,34.939,73.05,1975,5
Unknown,19.754,68.398,1975,5.2
Unknown,29.551,68.601,1975,5.5
Unknown,29.969,68.978,1975,5.1
Unknown,35.167,86.571,1975,5.8
Unknown,29.629,68.516,1975,5.2
Unknown,34.009,95.479,1975,5.1
Unknown,11.108,95.145,1975,5.2
Unknown,24.135,93.548,1975,5
Unknown,17.638,97.902,1975,5.9
Unknown,32.595,78.529,1975,5.1
Unknown,28.1,84.729,1975,5.4
Unknown,32.464,78.728,1975,5
Unknown,14.65,96.139,1975,5.5
Unknown,32.131,78.642,1975,5
Unknown,31.95,78.521,1975,6
Unknown,32.455,78.43,1975,6.8
Unknown,32.437,78.599,1975,5.3
Unknown,35.991,69.718,1974,5.3
Unknown,35.205,72.955,1974,5
Unknown,35.041,72.951,1974,5
Unknown,35.128,72.923,1974,5
Unknown,35.054,72.87,1974,6.2
Unknown,29.412,81.393,1974,5.2
Unknown,20.071,95.181,1974,5.1
Unknown,20.211,97.964,1974,5.12
Unknown,34.68,87.218,1974,5
Unknown,28.596,85.496,1974,5.6
Unknown,35.449,80.639,1974,5
Unknown,35.543,71.512,1974,5.3
Unknown,10.501,92.785,1974,5.3
Unknown,26.949,71.704,1974,5
Unknown,35.938,70.179,1974,5
Unknown,21.325,93.536,1974,5
Unknown,27.727,86.11,1974,5.7
Unknown,33.1,69.376,1974,5
Unknown,30.825,86.292,1974,5.3
Unknown,35.963,70.865,1974,5
Unknown,11.446,92.357,1974,6.1
Unknown,11.43,92.346,1974,6
Unknown,6.913,91.337,1974,5.2
Unknown,22.484,93.363,1973,5.1
Unknown,34.187,74.051,1973,5.2
Unknown,35.881,73.261,1973,5
Unknown,33.009,86.723,1973,5
Unknown,34.657,80.968,1973,5.2
Unknown,29.261,69.773,1973,5.1
Unknown,9.912,93.752,1973,5.2
Unknown,6.019,93.976,1973,5.1
Unknown,33.062,75.731,1973,5
Unknown,33.113,75.891,1973,5.4
Unknown,28.219,82.945,1973,5.2
Unknown,33.175,86.723,1973,5.1
Unknown,33.243,86.749,1973,5.5
Unknown,7.103,84.307,1973,5.9
Unknown,33.081,86.877,1973,5.5
Unknown,23.334,94.51,1973,5.3
Unknown,10.472,93.893,1973,5.1
Unknown,35.112,86.423,1973,5.3
Unknown,35.549,96.06,1973,5.2
Unknown,35.071,86.45,1973,5.4
Unknown,35.256,86.602,1973,5.9
Unknown,35.178,86.481,1973,6.9
Unknown,10.686,92.583,1973,5.7
Unknown,23.612,94.841,1973,5.2
Unknown,27.24,92.474,1973,5.2
Unknown,11.583,95.07,1973,5
Unknown,24.281,93.548,1973,5.9
Unknown,35.608,69.702,1973,5.1
Unknown,33.32,68.109,1973,5.1
Unknown,6.966,91.384,1973,6.6
Unknown,28.135,86.993,1973,5.2
Unknown,6.779,94.288,1973,5.1
Unknown,35.817,73.289,1973,5
Unknown,29.307,68.491,1973,5.2
Unknown,29.272,68.564,1973,5.3
Unknown,29.49,68.595,1973,5
Unknown,29.284,68.571,1973,5.6
Unknown,32.712,68.347,1973,5
Unknown,33.209,75.715,1973,5.1
Unknown,35.992,70.581,1973,5.2
Unknown,31.241,88.088,1973,5.2
Unknown,33.653,87.627,1972,5.19
Unknown,34.732,70.396,1972,5.61
Unknown,35.648,69.853,1972,5.87
Unknown,34.15,69.689,1972,5.42
Unknown,35.885,73.299,1972,5.25
Unknown,35.931,73.437,1972,5.39
Unknown,35.907,73.372,1972,5.5
Unknown,35.039,72.891,1972,5.22
Unknown,33.99,72.723,1972,5.33
Unknown,35.853,73.596,1972,5.27
Unknown,35.926,73.4,1972,5.59
Unknown,35.924,73.3,1972,5.15
Unknown,32.398,78.414,1972,5.28
Unknown,35.89,73.33,1972,5.42
Unknown,35.962,73.507,1972,5.21
Unknown,35.941,73.387,1972,5.98
Unknown,35.84,73.392,1972,5.29
Unknown,35.812,73.388,1972,5.16
Unknown,35.998,73.341,1972,5.4
Unknown,35.947,73.398,1972,5.46
Unknown,35.921,73.347,1972,5.79
Unknown,35.919,73.416,1972,6.2
Unknown,27.375,87.999,1972,5.12
Unknown,32.488,93.505,1972,5.33
Unknown,7.92,94.035,1972,5.77
Unknown,31.356,91.444,1972,5.9
Unknown,32.571,95.914,1972,5.48
Unknown,29.776,70.283,1972,5.25
Unknown,29.69,70.307,1972,5.31
Unknown,33.473,71.415,1972,5.29
Unknown,17.071,94.819,1972,5.45
Unknown,31.323,84.944,1972,5.25
Unknown,35.02,81.281,1972,5.13
Unknown,30.579,84.387,1972,5.35
Unknown,33.939,72.711,1972,5.26
Unknown,34.479,80.474,1972,5.16
Unknown,30.338,84.454,1972,5.28
Unknown,25.206,94.708,1971,5.71
Unknown,35.106,73.003,1971,5.31
Unknown,35.591,74.157,1971,5.28
Unknown,21.419,93.778,1971,5.18
Unknown,10.142,92.987,1971,5.65
Unknown,34.152,86.519,1971,5.25
Unknown,23.076,95.836,1971,5.4
Unknown,22.958,95.915,1971,5.22
Unknown,33.041,69.846,1971,5.26
Unknown,12.447,95.084,1971,5.55
Unknown,13.595,95.874,1971,5.88
Unknown,26.469,93.127,1971,5.5
Unknown,7.045,94.66,1971,6.16
Unknown,9.304,92.497,1971,5.53
Unknown,32.193,95.181,1971,5.23
Unknown,25.266,96.505,1971,5.73
Unknown,25.211,96.187,1971,5.15
Unknown,25.264,96.389,1971,6.18
Unknown,25.25,96.301,1971,5.28
Unknown,32.299,92.1,1971,5.6
Unknown,35.512,71.16,1971,5.74
Unknown,30.739,84.443,1971,5.5
Unknown,34.42,73.578,1971,5.19
Unknown,32.191,95.207,1971,5.71
Unknown,32.158,95.042,1971,5.8
Unknown,26.086,96.687,1971,5.28
Unknown,11.941,95.112,1971,6.29
Unknown,19.028,96.228,1971,5.14
Unknown,23.738,91.591,1971,5.4
Unknown,29.199,69.095,1971,5.16
Unknown,9.131,93.926,1970,6.36
Unknown,21.839,94.145,1970,5.21
Unknown,24.9,91.659,1970,5.3
Unknown,25.977,95.34,1970,7
Unknown,25.595,88.704,1970,5.39
Unknown,27.977,84.76,1970,5.24
Unknown,28.956,95.679,1970,5.17
Unknown,24.041,94.011,1970,5.31
Unknown,33.241,73.422,1970,5.13
Unknown,21.63,73.053,1970,5.36
Unknown,34.022,86.338,1970,5.13
Unknown,26.832,96.958,1970,5.44
Unknown,32.376,76.608,1970,5.11
Unknown,27.653,85.914,1970,5.41
Unknown,27.444,93.973,1970,5.4
Unknown,29.276,81.648,1970,5.4
Unknown,27.631,90.195,1969,5.29
Unknown,24.813,72.45,1969,5.19
Unknown,23.041,94.636,1969,6.34
Unknown,26.303,95.957,1969,5.52
Unknown,30.366,94.607,1969,5.26
Unknown,26.826,92.632,1969,5.25
Unknown,30.499,79.376,1969,5.53
Unknown,31.757,94.622,1969,5.29
Unknown,25.716,91.687,1969,5.16
Unknown,34.556,70.826,1969,5.61
Unknown,30.897,70.475,1969,5.23
Unknown,17.747,80.775,1969,5.7
Unknown,30.076,79.97,1969,5.32
Unknown,23.037,92.311,1969,5.42
Unknown,24.118,91.6,1968,5.37
Unknown,32.293,76.483,1968,5.19
Unknown,33.784,69.955,1968,5.48
Unknown,30.281,94.83,1968,5.13
Unknown,30.317,94.799,1968,5.2
Unknown,30.231,94.878,1968,5.2
Unknown,30.311,94.968,1968,5.18
Unknown,30.032,94.899,1968,5.25
Unknown,26.431,90.559,1968,5.37
Unknown,30.146,94.927,1968,5.15
Unknown,30.316,94.758,1968,5.17
Unknown,30.323,94.876,1968,5.17
Unknown,8.727,93.626,1968,5.75
Unknown,30.353,94.743,1968,5.12
Unknown,30.324,94.75,1968,5.2
Unknown,30.394,94.724,1968,5.2
Unknown,30.26,95.128,1968,5.12
Unknown,30.361,94.878,1968,5.16
Unknown,24.844,91.886,1968,5.48
Unknown,29.818,80.61,1968,5.33
Unknown,26.293,92.301,1968,5.13
Unknown,34.731,72.356,1968,5.27
Unknown,33.904,95.085,1968,5.16
Unknown,34.101,78.686,1968,5.31
Unknown,34.039,78.59,1968,5.29
Unknown,29.77,92.194,1968,5.37
Unknown,13.289,93.144,1968,5.6
Unknown,30.38,79.302,1968,5.26
Unknown,17.326,73.969,1967,5.26
Unknown,11.831,92.985,1967,5.52
Unknown,29.303,81.793,1967,5.31
Unknown,17.253,73.91,1967,5.25
Unknown,17.216,73.825,1967,5.25
Unknown,17.412,73.885,1967,6.54
Unknown,24.088,91.624,1967,5.25
Unknown,25.441,91.759,1967,5.15
Unknown,27.338,91.91,1967,5.79
Unknown,14.596,93.48,1967,5.67
Unknown,24.06,91.62,1967,5.13
Unknown,31.079,93.639,1967,5.38
Unknown,27.854,92.028,1967,5.19
Unknown,33.188,75.701,1967,5.14
Unknown,8.823,93.637,1967,6.07
Unknown,15.563,80.196,1967,5.49
Unknown,26.959,96.403,1967,5.21
Unknown,28.463,94.248,1967,5.7
Unknown,28.445,94.321,1967,5.4
Unknown,33.593,75.36,1967,5.37
Unknown,33.617,75.333,1967,5.5
Unknown,20.407,93.921,1967,5.45
Unknown,13.555,96.463,1967,6.75
Unknown,33.272,75.273,1967,5.12
Unknown,26.107,96.115,1967,5.62
Unknown,29.885,68.25,1966,5.11
Unknown,29.639,80.801,1966,5.48
Unknown,29.599,80.805,1966,5.15
Unknown,29.535,80.823,1966,5.7
Unknown,21.487,94.322,1966,5.73
Unknown,26.082,96.745,1966,5.13
Unknown,33.979,80.93,1966,5.16
Unknown,28.252,83.798,1966,5.23
Unknown,29.945,68.813,1966,5.38
Unknown,33.518,78.716,1966,5.14
Unknown,30.006,68.594,1966,5.22
Unknown,34.749,70.971,1966,5.16
Unknown,27.419,92.576,1966,5.44
Unknown,24.038,97.709,1966,5.29
Unknown,27.021,95.69,1966,5.26
Unknown,29.84,68.543,1966,5.11
Unknown,28.565,78.961,1966,5.6
Unknown,32.687,79.543,1966,5.46
Unknown,29.914,68.658,1966,5.14
Unknown,29.913,69.117,1966,5.25
Unknown,29.878,68.698,1966,5.18
Unknown,29.904,68.786,1966,5.35
Unknown,29.988,68.588,1966,6.17
Unknown,29.906,68.681,1966,5.78
Unknown,29.937,68.778,1966,5.97
Unknown,29.61,80.805,1966,5.49
Unknown,29.567,80.852,1966,5.47
Unknown,29.706,80.935,1966,6.27
Unknown,29.543,80.915,1966,5.71
Unknown,29.615,81.189,1966,5.48
Unknown,29.504,80.845,1966,6
Unknown,24.53,68.68,1966,5.28
Unknown,27.501,96.511,1966,5.19
Unknown,34.548,69.817,1966,5.32
Unknown,34.859,73.081,1966,5.25
Unknown,12.01,92.483,1966,5.81
Unknown,31.642,82.686,1966,5.15
Unknown,32.492,97.443,1966,5.16
Unknown,31.422,80.554,1966,6.3
Unknown,31.525,80.487,1966,6.7
Unknown,26.281,91.474,1966,5.19
Unknown,29.881,69.663,1966,5.21
Unknown,29.958,69.834,1966,5.25
Unknown,30.276,70.041,1966,6.09
Unknown,29.889,69.815,1966,5.37
Unknown,30.116,69.992,1966,5.37
Unknown,29.956,69.761,1966,6.28
Unknown,33.898,73.142,1966,5.42
Unknown,29.953,69.687,1966,5.38
Unknown,30.013,69.606,1966,5.6
Unknown,13.248,95.42,1966,5.84
Unknown,27.317,92.503,1965,5.5
Unknown,17.528,94.771,1965,5.26
Unknown,33.356,91.334,1965,5.35
Unknown,32.692,93.112,1965,5.43
Unknown,32.761,93.118,1965,5.35
Unknown,32.683,93.082,1965,5.19
Unknown,32.819,93.139,1965,5.33
Unknown,24.974,93.689,1965,5.45
Unknown,32.028,87.665,1965,5.45
Unknown,32.052,87.784,1965,5.86
Unknown,31.948,87.577,1965,5.31
Unknown,29.652,95.469,1965,5.48
Unknown,32.05,87.749,1965,5.59
Unknown,28.486,83.041,1965,5.45
Unknown,32.606,78.017,1965,5.38
Unknown,25.9,95.835,1965,5.79
Unknown,29.8,80.271,1965,5.21
Unknown,26.73,92.4,1965,5.32
Unknown,29.732,80.365,1965,5.4
Unknown,25.011,94.186,1965,5.61
Unknown,35.594,73.4,1965,5.29
Unknown,35.966,73.324,1965,5.38
Unknown,27.407,87.735,1965,5.45
Unknown,27.357,87.867,1965,5.9
Unknown,6.716,94.633,1964,6.25
Unknown,28.065,93.798,1964,6.63
Unknown,29.287,80.909,1964,5.4
Unknown,29.829,80.474,1964,5.9
Unknown,10.598,92.834,1964,5.91
Unknown,8.855,93.101,1964,7.1
Unknown,26.982,92.229,1964,5.7
Unknown,27.386,88.304,1964,5.35
Unknown,14.117,96.074,1964,6.4
Unknown,23.473,94.582,1964,5.52
Unknown,24.798,95.182,1964,5.59
Unknown,10.059,92.88,1964,6.04
Unknown,31.745,93.179,1964,5.31
Unknown,26,95.689,1964,5.6
Unknown,30.069,82.174,1964,5.32
Unknown,27.592,90.08,1964,5.53
Unknown,27.04,89.285,1964,5.18
Unknown,18.289,94.415,1964,5.26
Unknown,21.546,94.347,1964,6.05
Unknown,22.307,93.594,1964,6.21
Unknown,24.905,92.167,1963,5.7
Unknown,25,92.031,1963,5.63
Unknown,35.613,96.993,1963,6.7
Unknown,31.885,78.781,1963,5.48
Unknown,13.286,93.076,1962,6.24
Unknown,26.334,96.917,1962,6.11
Unknown,13.503,93.276,1962,5.79
Unknown,26.099,96.999,1962,6.27
Unknown,6.714,92.51,1962,5.71
Unknown,13.382,93.362,1961,5.94
Unknown,33.344,95.252,1961,6.08
Unknown,7.946,93.124,1961,6.01
Unknown,34.029,81.974,1961,6.16
Unknown,8.729,93.945,1960,5.67
Unknown,8.016,93.111,1960,5.92
Unknown,32.441,95.857,1960,5.62
Unknown,26.488,90.297,1960,5.64
Unknown,29.411,81.158,1960,5.67
Unknown,7.384,94.235,1960,5.79
Unknown,16.046,95.832,1960,5.64
Unknown,6.395,94.638,1960,5.52
Unknown,6.418,94.756,1960,5.56
Unknown,21.544,92.426,1959,5.73
Unknown,25.086,96.127,1959,5.71
Unknown,26.147,90.19,1959,5.42
Unknown,33.068,68.183,1959,5.74
Unknown,33.218,92.72,1959,5.88
Unknown,27.604,96.459,1959,5.69
Unknown,29.926,79.9,1958,6.06
Unknown,11.3,92.24,1958,5.56
Unknown,30.44,84.54,1958,5.55
Unknown,30.472,84.553,1958,6.3
Unknown,25.22,96.194,1958,5.53
Unknown,34.751,71.094,1958,5.51
Unknown,33.04,68.239,1958,5.62
Unknown,23.515,93.842,1958,6.04
Unknown,30.622,84.133,1958,5.47
Unknown,11.853,92.777,1958,5.71
Unknown,25.648,96.802,1958,5.77
Unknown,24.31,93.894,1957,6.2
Unknown,14.212,95.745,1957,6.26
Unknown,14.226,95.657,1957,6.06
Unknown,30.841,84.297,1957,5.96
Unknown,30.521,84.348,1957,6.43
Unknown,23.38,94.122,1956,5.81
Unknown,26.611,96.208,1956,5.75
Unknown,6.97,94.442,1956,6.01
Unknown,33.969,69.487,1956,5.86
Unknown,33.997,69.667,1956,6.51
Unknown,27.974,95.211,1956,5.58
Unknown,23.278,70.107,1956,6
Unknown,22.178,95.781,1956,6.82
Unknown,25.03,90.853,1956,5.54
Unknown,29.65,69.945,1956,6.07
Unknown,23.375,94.218,1956,5.82
Unknown,23.419,93.968,1956,5.78
Unknown,23.302,94.276,1956,6.2
Unknown,8.002,94.133,1956,6.28
Unknown,29.845,90.189,1955,5.91
Unknown,21.819,92.656,1955,6.21
Unknown,30.836,71.012,1955,5.56
Unknown,23.98,95.843,1955,5.84
Unknown,30.675,86.43,1955,5.69
Unknown,8.179,94.171,1955,5.93
Unknown,32.294,78.506,1955,6.15
Unknown,6.828,93.869,1955,7.05
Unknown,27.051,96.927,1955,5.77
Unknown,29.671,90.166,1955,5.93
Unknown,34.6,73.194,1955,5.53
Unknown,33.136,82.579,1955,6.47
Unknown,28.169,83.825,1954,5.91
Unknown,33.954,69.723,1954,5.68
Unknown,9.944,92.859,1954,5.91
Unknown,27.672,91.605,1954,6.16
Unknown,31.151,85.743,1953,6.53
Unknown,32.116,82.786,1953,6.47
Unknown,32.258,82.892,1953,6.09
Unknown,29.824,97.262,1953,5.92
Unknown,28.168,82.333,1953,5.77
Unknown,33.252,72.675,1953,5.5
Unknown,31.049,96.874,1953,6.02
Unknown,30.495,96.712,1953,5.85
Unknown,29.529,81.382,1953,5.82
Unknown,29.25,69.927,1952,6.18
Unknown,29.682,86.506,1952,5.84
Unknown,30.251,69.613,1952,6.41
Unknown,31.464,87.446,1952,5.81
Unknown,30.308,91.957,1952,5.55
Unknown,30.762,69.822,1952,5.89
Unknown,34.345,91.861,1952,6.04
Unknown,28.138,93.905,1952,5.63
Unknown,30.648,91.601,1952,7.4
Unknown,31.373,90.918,1952,5.86
Unknown,30.367,91.759,1952,5.75
Unknown,30.891,91.651,1952,5.77
Unknown,28.4,94.488,1952,5.96
Unknown,26.621,95.068,1952,5.45
Unknown,34.036,83.842,1952,5.7
Unknown,30.492,91.776,1952,5.62
Unknown,29.879,90.768,1952,5.48
Unknown,29.434,95.924,1952,5.5
Unknown,33.978,93.795,1952,5.5
Unknown,31.244,90.784,1951,6.27
Unknown,30.974,90.774,1951,5.69
Unknown,30.441,91.232,1951,5.45
Unknown,30.477,91.451,1951,5.61
Unknown,30.409,91.135,1951,6.02
Unknown,31.056,91.261,1951,7.7
Unknown,30.908,91.498,1951,6.13
Unknown,32.977,75.88,1951,5.61
Unknown,31.539,95.312,1951,5.53
Unknown,28.619,96.529,1951,5.82
Unknown,35.361,82.051,1951,5.65
Unknown,28.925,86.685,1951,5.97
Unknown,30.06,69.985,1951,5.92
Unknown,28.842,94.575,1951,5.96
Unknown,28.28,93.861,1951,6.4
Unknown,25.949,90.575,1951,5.77
Unknown,30.731,97.391,1951,5.73
Unknown,30.843,97.363,1951,6.22
Unknown,30.634,97.487,1951,5.84
Unknown,27.99,94.668,1951,5.98
Unknown,28.661,95.427,1951,5.73
Unknown,23.854,91.844,1950,5.9
Unknown,32.735,87.974,1950,6.1
Unknown,8.23,91.712,1950,6.04
Unknown,28.767,95.686,1950,6.09
Unknown,25.382,96.895,1950,5.69
Unknown,27.233,94.807,1950,5.51
Unknown,30.353,97.396,1950,5.62
Unknown,33.173,95.851,1950,5.69
Unknown,26.095,96.81,1950,5.7
Unknown,27.419,95.354,1950,5.96
Unknown,28.22,95.457,1950,5.53
Unknown,28.55,94.401,1950,6.35
Unknown,33.197,76.24,1950,5.47
Unknown,27.161,97.508,1950,6.04
Unknown,28.873,94.409,1950,6.27
Unknown,32.44,93.962,1950,5.63
Unknown,27.605,95.133,1950,6.22
Unknown,28.615,94.158,1950,5.81
Unknown,29.711,96.731,1950,5.69
Unknown,29.758,96.753,1950,5.93
Unknown,29.585,95.226,1950,5.55
Unknown,29.688,95.302,1950,5.73
Unknown,28.61,95.33,1950,5.73
Unknown,29.183,94.6,1950,5.55
Unknown,27.233,94.965,1950,6.19
Unknown,28.249,96.672,1950,5.64
Unknown,28.504,96.476,1950,5.91
Unknown,27.048,97.02,1950,5.68
Unknown,29.207,95.019,1950,5.97
Unknown,26.992,97.171,1950,6.07
Unknown,28.97,94.584,1950,5.91
Unknown,29.932,95.511,1950,5.96
Unknown,33.039,91.483,1950,5.96
Unknown,27.186,97.157,1950,5.74
Unknown,29.473,95.062,1950,5.76
Unknown,29.723,96.557,1950,6.09
Unknown,29.196,95.881,1950,6.34
Unknown,29.622,94.774,1950,5.74
Unknown,34.13,80.883,1950,5.64
Unknown,28.427,94.844,1950,6.14
Unknown,26.859,96.968,1950,5.67
Unknown,26.886,97.217,1950,5.48
Unknown,28.716,95.963,1950,5.72
Unknown,27.492,92.802,1950,5.96
Unknown,28.18,94.968,1950,5.66
Unknown,29.063,94.866,1950,5.75
Unknown,28.38,95.894,1950,6.23
Unknown,28.665,96.746,1950,5.75
Unknown,28.498,95.131,1950,5.8
Unknown,25.343,92.944,1950,6.01
Unknown,27.337,96.777,1950,5.81
Unknown,28.52,95.731,1950,6.17
Unknown,28.363,96.445,1950,8.6
Unknown,27.223,90.817,1950,5.65
Unknown,31.072,88.945,1949,5.62
Unknown,35.261,74.499,1949,5.69
Unknown,11.687,95.012,1949,5.81
Unknown,30.143,68.958,1949,6.09
Unknown,31.12,79.447,1949,5.84
Unknown,26.308,94.856,1948,5.88
Unknown,22.664,94.15,1948,6.52
Unknown,32.797,84.07,1948,5.87
Unknown,6.266,94.834,1948,6.31
Unknown,30.518,78.475,1948,5.51
Unknown,29.704,68.742,1948,5.76
Unknown,35.931,80.917,1948,6.31
Unknown,24.855,96.779,1947,6.02
Unknown,23.436,94.979,1947,5.9
Unknown,31.182,80.013,1947,5.99
Unknown,28.484,93.628,1947,7.3
Unknown,32.79,76.136,1947,5.99
Unknown,23.919,94.536,1947,6.01
Unknown,31.572,85.157,1947,6.68
Unknown,24.159,96.393,1946,6.06
Unknown,34.403,80.453,1946,6.38
Unknown,34.024,87.351,1946,5.99
Unknown,23.532,95.705,1946,7.64
Unknown,24.104,95.575,1946,7.07
Unknown,19.799,92.401,1946,5.67
Unknown,35.007,89.085,1946,6.03
Unknown,20.154,94.477,1946,5.63
Unknown,29.168,83.145,1945,5.78
Unknown,11.71,92.226,1945,6.25
Unknown,32.529,76.19,1945,6.42
Unknown,6.905,94.091,1945,5.98
Unknown,30.271,80.118,1945,6.37
Unknown,24.712,91.349,1945,5.75
Unknown,31.416,82.792,1945,5.46
Unknown,24.731,92.583,1944,6.33
Unknown,31.629,83.239,1944,6.27
Unknown,31.008,83.16,1944,6.54
Unknown,31.255,83.096,1944,6.78
Unknown,12.308,92.827,1944,6.14
Unknown,15.406,94.017,1943,5.59
Unknown,32.283,70.13,1943,5.51
Unknown,31.765,69.673,1943,5.77
Unknown,26.705,93.829,1943,7.18
Unknown,27.187,91.403,1943,5.82
Unknown,35.956,72.735,1942,5.63
Unknown,13.184,92.945,1942,5.5
Unknown,30.308,96.142,1942,5.74
Unknown,17.855,95.888,1942,5.65
Unknown,29.88,69.953,1942,5.79
Unknown,6.103,94.262,1941,5.88
Unknown,12.506,93.163,1941,5.51
Unknown,27.114,91.984,1941,5.45
Unknown,12.954,92.761,1941,5.73
Unknown,8.619,93.78,1941,5.82
Unknown,12.2,92.706,1941,5.8
Unknown,32.834,85.77,1941,5.71
Unknown,11.995,92.792,1941,5.75
Unknown,11.732,93.537,1941,5.44
Unknown,12.085,93.026,1941,5.53
Unknown,12.08,92.557,1941,5.83
Unknown,11.917,91.98,1941,5.49
Unknown,12.666,93.093,1941,6.04
Unknown,12.084,92.65,1941,7.96
Unknown,26.681,93.087,1941,5.53
Unknown,6.875,73.646,1941,5.51
Unknown,28.305,96.887,1941,5.72
Unknown,26.699,91.875,1941,6.04
Unknown,27.169,91.794,1941,6.43
Unknown,34.079,78.011,1941,5.67
Unknown,6.851,94.074,1940,5.55
Unknown,23.717,70.366,1940,6.27
Unknown,30.851,91.658,1940,6.21
Unknown,8.182,93.724,1940,5.57
Unknown,33.855,90.87,1940,5.9
Unknown,30.885,91.384,1940,5.87
Unknown,30.49,91.568,1940,6.21
Unknown,34.721,90.748,1940,5.93
Unknown,11.194,94.191,1940,5.64
Unknown,23.409,94.295,1940,5.86
Unknown,32.593,93.861,1940,5.66
Unknown,8.836,94.095,1939,5.6
Unknown,11.649,94.804,1939,5.75
Unknown,6.669,93.397,1939,5.7
Unknown,23.327,93.252,1939,5.88
Unknown,24.414,94.051,1939,6.15
Unknown,6.304,95.863,1939,5.45
Unknown,33.208,90.357,1938,6.11
Unknown,30.341,68.389,1938,5.62
Unknown,29.889,95.138,1938,6.26
Unknown,9.579,94.245,1938,5.59
Unknown,9.544,93.732,1938,6.08
Unknown,9.049,93.466,1938,5.5
Unknown,9.409,93.746,1938,5.62
Unknown,6.652,78.164,1938,5.86
Unknown,32.227,92.421,1938,5.88
Unknown,22.723,93.912,1938,7.02
Unknown,24.213,94.242,1938,5.5
Unknown,21.526,75.687,1938,6.08
Unknown,11.291,91.584,1938,5.51
Unknown,27.999,91.203,1938,5.62
Unknown,27.603,87.098,1938,5.79
Unknown,33.766,96.867,1938,5.58
Unknown,29.378,80.742,1937,5.44
Unknown,34.726,78.238,1937,6.35
Unknown,34.701,72.944,1937,5.61
Unknown,30.913,78.228,1937,5.92
Unknown,25.209,94.324,1937,5.65
Unknown,25.957,96.731,1937,6.5
Unknown,29.749,90.551,1937,5.82
Unknown,29.652,81.237,1937,5.68
Unknown,29.784,81.436,1937,5.97
Unknown,26.057,93.461,1937,5.84
Unknown,6.554,94.296,1937,5.77
Unknown,28.386,91.947,1937,5.52
Unknown,35.492,97.994,1937,5.74
Unknown,35.399,97.98,1937,5.79
Unknown,35.331,97.761,1937,7.81
Unknown,31.017,86.228,1936,5.8
Unknown,27.901,86.263,1936,5.67
Unknown,28.847,68.306,1936,5.41
Unknown,26.26,96.784,1936,5.84
Unknown,26.454,90.103,1936,5.51
Unknown,28.378,83.32,1936,6.87
Unknown,26.245,96.904,1936,5.77
Unknown,35.563,69.611,1936,5.53
Unknown,10.116,92.735,1936,6.48
Unknown,23.594,96.364,1936,6.1
Unknown,30.899,88.982,1936,5.73
Unknown,28.263,86.73,1936,5.86
Unknown,30.919,91.841,1935,5.58
Unknown,35.347,90.737,1935,5.67
Unknown,29.062,89.459,1935,5.7
Unknown,24.175,94.376,1935,5.77
Unknown,13.203,95.659,1935,6.09
Unknown,24.261,89.647,1935,5.82
Unknown,29.621,79.672,1935,5.53
Unknown,29.822,80.371,1935,6.04
Unknown,35.779,70.541,1935,5.82
Unknown,30.768,88.344,1935,6.49
Unknown,31.337,89.129,1934,5.59
Unknown,31.177,89.124,1934,5.64
Unknown,31.128,89.297,1934,5.8
Unknown,31.162,89.157,1934,7.32
Unknown,30.76,88.713,1934,5.7
Unknown,33.449,82.238,1934,5.9
Unknown,32.812,92.732,1934,6.23
Unknown,25.173,94.922,1934,5.84
Unknown,7.389,93.847,1934,5.78
Unknown,27.275,86.941,1934,8
Unknown,19.411,96.463,1933,5.67
Unknown,6.866,96.833,1933,6.23
Unknown,25.651,90.365,1933,5.93
Unknown,8.656,94.04,1932,5.96
Unknown,26.449,91.649,1932,5.84
Unknown,7.992,93.56,1932,5.8
Unknown,25.621,96.821,1932,5.85
Unknown,24.064,91.887,1932,5.68
Unknown,25.474,92.542,1932,5.73
Unknown,33.47,80.672,1932,5.81
Unknown,25.539,96.118,1932,5.65
Unknown,28.425,68.852,1931,5.81
Unknown,18.598,96.573,1931,5.7
Unknown,30.859,68.21,1931,5.55
Unknown,29.887,68.435,1931,5.87
Unknown,29.988,68.039,1931,5.55
Unknown,29.988,68.11,1931,5.77
Unknown,29.514,68.06,1931,5.59
Unknown,18.506,96.655,1931,5.69
Unknown,7.652,94.161,1931,5.73
Unknown,32.779,83.647,1931,5.42
Unknown,23.555,97.342,1931,5.59
Unknown,30.166,83.942,1931,5.97
Unknown,33.033,69.609,1931,5.57
Unknown,25.212,96.764,1931,5.53
Unknown,25.513,96.912,1931,5.56
Unknown,23.83,97.842,1931,5.52
Unknown,12.88,95.07,1931,5.69
Unknown,25.008,96.546,1931,5.82
Unknown,25.263,96.773,1931,6.14
Unknown,24.409,90.609,1931,5.53
Unknown,25.895,97.045,1931,5.5
Unknown,25.872,96.764,1931,7.58
Unknown,9.092,94.026,1930,5.69
Unknown,22.107,97.423,1930,5.58
Unknown,18.17,96.336,1930,7.52
Unknown,32.981,96.572,1930,5.33
Unknown,24.908,93.862,1930,6.18
Unknown,35.155,81.186,1930,5.98
Unknown,7.194,93.368,1930,5.52
Unknown,26.697,90.481,1930,5.49
Unknown,23.885,93.169,1930,5.62
Unknown,25.531,90.278,1930,5.42
Unknown,25.536,90.035,1930,5.78
Unknown,25.807,90.168,1930,6.96
Unknown,25.179,72.897,1930,5.44
Unknown,17.733,96.406,1930,7.43
Unknown,19.304,95.858,1929,6.53
Unknown,9.757,92.872,1929,6.12
Unknown,12.733,95.505,1929,5.6
Unknown,29.942,95.101,1929,5.65
Unknown,24.746,97.583,1929,5.44
Unknown,31.218,77.292,1929,5.6
Unknown,29.752,69.039,1928,5.85
Unknown,29.72,69.058,1928,5.51
Unknown,34.874,72.493,1928,5.85
Unknown,27.53,68.075,1928,5.47
Unknown,28.934,70.409,1928,6.45
Unknown,26.564,95.866,1928,5.51
Unknown,32.436,72.317,1928,5.36
Unknown,6.06,95.744,1928,5.81
Unknown,26.692,95.096,1928,5.5
Unknown,12.115,92.773,1928,5.67
Unknown,29.662,80.686,1927,5.77
Unknown,14.798,88,1927,6.07
Unknown,34.896,75.085,1927,5.21
Unknown,23.446,81.894,1927,6.08
Unknown,29.951,69.532,1927,5.48
Unknown,7.253,93.775,1927,5.58
Unknown,24.219,94.676,1927,5.9
Unknown,24.843,93.834,1927,5.54
Unknown,30.422,70.31,1927,5.96
Unknown,24.94,96.62,1926,5.77
Unknown,24.366,92.822,1926,5.67
Unknown,24.765,94.282,1926,5.59
Unknown,35.383,78.707,1926,6.21
Unknown,35.406,78.564,1926,5.62
Unknown,29.598,80.826,1926,5.73
Unknown,11.336,92.638,1926,5.51
Unknown,34.153,88.851,1926,5.44
Unknown,34.689,89.415,1926,5.72
Unknown,34.77,89.616,1926,6.23
Unknown,14.725,92.278,1926,5.73
Unknown,26.561,96.428,1926,5.72
Unknown,35.263,69.886,1926,5.73
Unknown,33.027,90.317,1925,6.12
Unknown,10.961,92.821,1925,5.91
Unknown,10.771,92.132,1925,6.02
Unknown,30.875,89.597,1924,6.58
Unknown,30.223,90.654,1924,5.89
Unknown,29.012,70.033,1923,6.32
Unknown,24.969,90.752,1923,6.92
Unknown,22.882,93.467,1923,5.98
Unknown,12.194,95.707,1922,6.41
Unknown,30.579,90.377,1921,6.15
Unknown,22.384,90.659,1921,6.4
Unknown,7.401,93.638,1921,6.58
Unknown,35.45,80.56,1920,6.4
Unknown,35.92,90.442,1920,6.27
Unknown,31.138,70.25,1919,6.47
Unknown,18.197,91.021,1918,6.07
Unknown,28.558,81.883,1918,6.19
Unknown,24.656,90.801,1918,7.14
Unknown,12.487,93.373,1917,6.2
Unknown,33.336,77.958,1917,5.94
Unknown,24.435,94.19,1917,6.21
Unknown,7.024,93.481,1917,6.78
Unknown,29.527,80.671,1916,5.93
Unknown,9.349,93.609,1916,6.35
Unknown,29.45,80.623,1916,5.82
Unknown,29.67,80.684,1916,6.96
Unknown,35.586,78.171,1916,5.72
Unknown,27.844,91.752,1915,6.56
Unknown,7.475,91.516,1915,6.2
Unknown,34.002,96.592,1915,6.07
Unknown,34.049,96.766,1915,6.1
Unknown,32.158,69.523,1914,6.01
Unknown,11.428,93.604,1914,5.97
Unknown,32.313,76.037,1914,6.26
Unknown,25.438,96.356,1914,6.47
Unknown,30.201,81.929,1913,6.5
Unknown,32.811,87.368,1913,6.31
Unknown,35.808,72.982,1912,5.99
Unknown,21.031,96.859,1912,7.88
Unknown,30.993,80.336,1911,6.55
Unknown,26.72,97.117,1908,7.18
Unknown,31.209,87.679,1908,7.04
Unknown,6.542,93.118,1907,6.55
Unknown,26.832,97.246,1906,6.44
Unknown,20.335,95.216,1906,6.69
Unknown,14.224,93.087,1906,5.75
Unknown,26.228,94.522,1906,6.51
Unknown,31.894,76.112,1906,6.61
Unknown,32.597,76.916,1905,7.9
Unknown,23.689,97.17,1905,7.26
